sale_id,customer_id,product_id,order_quantity,unit_price,order_date,shift_date,discount,tax,payment_method
1,38,37,10,1222.17,2025-08-27,2025-09-08,0.15,0.05,Bank Transfer
2,85,28,2,2657.75,2026-02-08,2026-02-21,0.16,0.14,PayPal
3,13,28,5,2196.24,2025-08-01,2025-08-29,0.09,0.16,PayPal
4,19,40,7,5050.22,2025-08-14,2025-08-19,0.08,0.13,Cash
5,20,13,10,3907.39,2025-11-24,2025-12-02,0.17,0.17,Cash
6,33,8,3,7176.11,2025-08-29,2025-09-16,0.06,0.12,PayPal
7,70,2,5,1075.25,2025-09-02,2025-09-18,0.19,0.18,Bank Transfer
8,1,22,4,5504.76,2026-06-09,2026-07-06,0.09,0.05,Credit Card
9,38,26,3,5632.82,2025-11-21,2025-12-17,0.13,0.14,Cash
10,13,4,4,2046.93,2025-12-16,2025-12-24,0.09,0.11,Bank Transfer
11,42,5,1,1687.98,2025-12-06,2025-12-29,0.1,0.05,Cash
12,55,6,9,5723.84,2025-08-01,2025-08-10,0.08,0.17,PayPal
13,11,44,9,9287.03,2026-02-07,2026-02-12,0.07,0.18,Credit Card
14,36,15,4,3908.53,2026-01-13,2026-01-30,0.05,0.2,Cash
15,41,22,8,6016.46,2025-08-15,2025-09-02,0.1,0.12,Bank Transfer
16,24,42,1,4361.34,2025-09-18,2025-10-11,0.13,0.05,Credit Card
17,32,8,4,3022.25,2026-01-14,2026-02-09,0.08,0.18,Cash
18,73,19,6,3022.45,2026-06-10,2026-07-03,0.2,0.11,Cash
19,2,44,1,5070.14,2026-01-23,2026-02-07,0.14,0.06,Credit Card
20,50,5,1,5768.96,2026-07-12,2026-08-02,0.06,0.12,Bank Transfer
21,11,1,8,8554.31,2026-05-10,2026-06-08,0.11,0.07,PayPal
22,49,9,6,3062.81,2025-08-19,2025-08-30,0.07,0.18,Credit Card
23,27,25,3,9636.18,2025-12-03,2025-12-29,0.15,0.18,Credit Card
24,34,11,8,8295.59,2025-12-18,2026-01-04,0.05,0.18,Cash
25,60,28,2,2396.52,2025-07-23,2025-08-02,0.09,0.16,PayPal
26,53,7,7,6248.58,2026-01-17,2026-02-03,0.18,0.15,Bank Transfer
27,61,30,2,7071.4,2025-09-30,2025-10-05,0.16,0.06,Cash
28,12,33,6,2989.21,2026-07-09,2026-07-22,0.09,0.18,Bank Transfer
29,95,45,6,8556.36,2026-03-22,2026-04-12,0.18,0.11,Credit Card
30,59,34,9,9304.06,2026-04-09,2026-04-27,0.07,0.08,Bank Transfer
31,70,39,3,3645.4,2026-02-14,2026-02-22,0.11,0.18,Bank Transfer
32,17,43,4,9108.94,2025-10-05,2025-10-17,0.09,0.1,Credit Card
33,19,1,2,2818.58,2025-10-17,2025-10-24,0.08,0.13,Bank Transfer
34,58,41,6,6637.93,2026-01-12,2026-02-01,0.05,0.15,Bank Transfer
35,25,26,1,7768.9,2026-05-14,2026-05-29,0.14,0.12,Cash
36,9,47,3,2438.6,2026-03-04,2026-03-31,0.17,0.13,PayPal
37,100,16,1,9392.78,2026-02-11,2026-02-21,0.18,0.08,Credit Card
38,58,31,3,2239.63,2025-10-20,2025-11-03,0.1,0.05,Credit Card
39,71,34,8,6708.76,2025-09-13,2025-09-20,0.16,0.19,Cash
40,4,4,1,1400.17,2025-12-28,2026-01-21,0.09,0.06,Bank Transfer
41,16,6,2,1618.17,2026-05-12,2026-05-15,0.19,0.05,Bank Transfer
42,11,31,2,3898.11,2025-08-25,2025-08-31,0.15,0.05,Credit Card
43,35,26,1,1026.22,2026-06-22,2026-07-20,0.16,0.18,PayPal
44,34,40,9,9389.27,2026-06-15,2026-07-08,0.16,0.16,Bank Transfer
45,88,9,3,1339.29,2026-05-27,2026-05-29,0.12,0.2,Cash
46,18,10,9,1362.5,2025-11-15,2025-11-21,0.17,0.15,PayPal
47,17,45,4,1853.09,2026-06-30,2026-07-29,0.14,0.17,Credit Card
48,66,33,5,4741.03,2026-05-02,2026-05-25,0.08,0.06,Cash
49,42,14,6,3357.98,2025-08-06,2025-08-18,0.17,0.18,Bank Transfer
50,5,14,9,4923.67,2025-11-08,2025-11-27,0.17,0.13,Credit Card
51,48,23,7,1515.58,2025-08-05,2025-08-09,0.13,0.15,PayPal
52,87,10,9,4454.88,2026-06-15,2026-06-16,0.14,0.18,Bank Transfer
53,5,38,8,5259.62,2025-09-30,2025-10-30,0.08,0.07,Bank Transfer
54,17,38,9,1356.35,2026-04-18,2026-04-25,0.07,0.14,PayPal
55,89,27,5,5579.24,2026-04-12,2026-05-09,0.12,0.12,Bank Transfer
56,77,15,8,6282.89,2025-12-17,2025-12-27,0.12,0.07,Bank Transfer
57,26,43,5,4317.73,2026-02-21,2026-03-13,0.1,0.14,Bank Transfer
58,40,16,7,6106.43,2026-03-17,2026-04-07,0.1,0.06,PayPal
59,88,9,5,2116.43,2025-10-30,2025-11-26,0.19,0.09,PayPal
60,54,26,7,4091.57,2025-08-18,2025-09-14,0.16,0.05,Bank Transfer
61,72,29,6,7916.17,2025-10-16,2025-10-24,0.06,0.15,Cash
62,93,25,8,6970.09,2026-04-28,2026-05-25,0.06,0.1,Bank Transfer
63,44,5,5,6921.13,2026-04-02,2026-04-27,0.2,0.09,Bank Transfer
64,16,43,2,1246.31,2026-02-11,2026-03-04,0.18,0.1,Bank Transfer
65,25,14,1,7824.96,2025-10-29,2025-11-20,0.19,0.07,PayPal
66,25,12,7,4803.1,2025-09-22,2025-10-18,0.2,0.16,PayPal
67,84,10,5,8025.06,2025-10-05,2025-10-09,0.06,0.17,Cash
68,4,23,9,2594.33,2025-07-28,2025-08-03,0.06,0.16,Bank Transfer
69,22,19,3,6414.53,2025-09-29,2025-10-28,0.07,0.12,PayPal
70,95,15,7,8811.82,2025-08-29,2025-09-13,0.2,0.12,PayPal
71,34,42,1,3807.4,2026-01-26,2026-01-29,0.18,0.08,Credit Card
72,73,40,2,2723.78,2026-01-11,2026-01-24,0.11,0.19,Bank Transfer
73,18,36,2,2293.97,2025-11-24,2025-12-24,0.14,0.07,Cash
74,32,38,8,3047.42,2026-06-07,2026-06-12,0.14,0.14,Credit Card
75,7,11,1,2595.23,2025-10-02,2025-11-01,0.18,0.13,Bank Transfer
76,51,37,8,1794.02,2026-06-02,2026-06-06,0.17,0.18,Credit Card
77,4,7,6,9834.28,2026-07-03,2026-07-26,0.11,0.17,Bank Transfer
78,97,29,9,9414.92,2026-02-19,2026-02-20,0.19,0.07,Cash
79,3,24,5,5965.56,2026-03-24,2026-04-20,0.12,0.14,Credit Card
80,59,20,4,1945.71,2025-08-21,2025-09-11,0.2,0.08,PayPal
81,62,35,4,5571.66,2026-01-01,2026-01-20,0.15,0.08,Bank Transfer
82,90,18,9,6904.42,2025-10-22,2025-11-10,0.14,0.09,Credit Card
83,86,30,3,1199.79,2025-07-20,2025-07-24,0.13,0.17,Credit Card
84,63,11,1,8992.31,2026-04-07,2026-04-24,0.15,0.08,PayPal
85,26,18,4,4671.27,2025-11-19,2025-12-16,0.13,0.08,Bank Transfer
86,11,40,9,2346.27,2025-12-08,2025-12-13,0.08,0.09,Credit Card
87,34,28,10,2255.37,2026-04-05,2026-04-26,0.12,0.2,Cash
88,25,6,10,5520.99,2025-08-24,2025-09-21,0.11,0.2,Bank Transfer
89,95,14,7,6317.37,2026-04-19,2026-04-25,0.18,0.13,Bank Transfer
90,38,1,7,2431.08,2025-07-24,2025-07-27,0.16,0.06,Credit Card
91,65,49,4,4983.77,2026-05-10,2026-05-10,0.17,0.06,Credit Card
92,83,35,3,3514.57,2026-02-15,2026-03-15,0.05,0.19,PayPal
93,79,2,9,7924.48,2026-03-16,2026-04-02,0.2,0.12,Cash
94,72,39,9,3205.02,2025-07-23,2025-08-11,0.13,0.1,Cash
95,52,35,10,9655.73,2025-08-27,2025-09-09,0.06,0.16,Bank Transfer
96,29,46,5,7461.38,2025-07-25,2025-08-16,0.13,0.11,Cash
97,24,49,7,5359.66,2026-05-07,2026-06-01,0.1,0.08,Cash
98,35,4,9,9145.38,2025-12-31,2026-01-13,0.13,0.13,Bank Transfer
99,5,8,4,3037.78,2026-04-13,2026-05-03,0.1,0.17,Credit Card
100,37,7,8,5795.5,2025-10-26,2025-10-27,0.08,0.06,PayPal
101,75,21,2,5142.07,2026-03-16,2026-04-06,0.1,0.05,Bank Transfer
102,1,45,2,6695.2,2025-09-28,2025-10-13,0.07,0.15,Bank Transfer
103,100,7,7,3925.48,2025-08-18,2025-08-21,0.14,0.08,PayPal
104,25,13,8,8022.2,2025-11-13,2025-11-13,0.07,0.18,Credit Card
105,94,28,2,7521.92,2026-07-07,2026-07-20,0.06,0.13,PayPal
106,17,8,2,3769.03,2026-04-18,2026-05-14,0.11,0.1,Bank Transfer
107,36,9,8,6669.46,2025-08-28,2025-09-14,0.06,0.07,Bank Transfer
108,87,8,10,1407.88,2025-12-04,2025-12-18,0.18,0.11,Bank Transfer
109,46,1,9,8191.11,2026-03-27,2026-04-19,0.14,0.08,Bank Transfer
110,99,34,1,7005.73,2026-07-10,2026-08-07,0.09,0.07,Credit Card
111,18,17,2,3200.8,2026-01-23,2026-02-01,0.1,0.14,Cash
112,3,35,6,4832.39,2025-08-05,2025-08-16,0.07,0.08,Bank Transfer
113,33,4,5,7667.45,2025-10-31,2025-11-19,0.16,0.1,Credit Card
114,7,40,6,8258.44,2026-03-24,2026-04-09,0.16,0.17,Credit Card
115,96,45,6,1043.46,2026-04-26,2026-05-10,0.12,0.13,PayPal
116,86,29,7,9602.17,2025-07-19,2025-08-15,0.1,0.2,Credit Card
117,76,9,8,9195.76,2026-01-28,2026-02-04,0.18,0.08,Credit Card
118,96,9,3,6529.17,2026-02-02,2026-03-01,0.07,0.19,Cash
119,43,40,9,7117.38,2025-09-09,2025-09-19,0.19,0.19,PayPal
120,95,28,2,1842.34,2025-11-15,2025-12-10,0.15,0.19,Cash
121,56,26,5,9733.3,2025-09-06,2025-09-11,0.16,0.08,PayPal
122,37,23,2,7451.12,2025-10-03,2025-10-06,0.15,0.16,Credit Card
123,90,42,9,8459.03,2025-10-11,2025-11-02,0.07,0.1,PayPal
124,95,3,10,4728.44,2026-04-27,2026-05-20,0.1,0.1,PayPal
125,19,49,9,1596.04,2026-05-12,2026-05-30,0.18,0.12,Bank Transfer
126,65,10,10,4426.48,2025-09-18,2025-10-08,0.15,0.07,Credit Card
127,40,18,4,8580.73,2025-11-11,2025-11-27,0.09,0.08,Bank Transfer
128,100,21,1,4203.81,2025-10-24,2025-11-23,0.1,0.18,Cash
129,27,49,5,2285.4,2026-02-03,2026-02-22,0.15,0.18,Credit Card
130,11,17,3,2285.59,2026-03-23,2026-04-10,0.12,0.06,Credit Card
131,79,37,8,7534.39,2026-05-28,2026-05-31,0.15,0.15,PayPal
132,54,32,4,4413.5,2026-05-07,2026-05-11,0.12,0.13,Credit Card
133,79,19,5,6157.3,2025-12-05,2025-12-21,0.2,0.15,PayPal
134,7,45,3,1143.84,2026-05-18,2026-06-14,0.07,0.06,Credit Card
135,3,49,10,8867.02,2026-02-15,2026-02-19,0.07,0.17,Cash
136,36,18,2,5926.82,2026-04-03,2026-04-19,0.15,0.1,Bank Transfer
137,51,25,3,2351.7,2025-09-03,2025-09-10,0.15,0.05,Credit Card
138,12,32,6,2553.69,2026-04-30,2026-05-20,0.16,0.06,Cash
139,100,6,3,7854.77,2025-07-27,2025-07-28,0.13,0.17,Cash
140,29,47,4,1432.29,2026-01-28,2026-02-15,0.06,0.2,PayPal
141,29,26,10,9583.52,2026-02-07,2026-03-08,0.08,0.05,PayPal
142,12,28,6,3293.37,2026-04-21,2026-04-21,0.06,0.06,Bank Transfer
143,99,45,10,1371.77,2026-03-28,2026-04-03,0.18,0.18,Bank Transfer
144,66,41,4,8832.5,2026-04-04,2026-04-29,0.16,0.13,PayPal
145,22,50,4,4064.24,2026-06-12,2026-06-30,0.17,0.15,Bank Transfer
146,10,17,9,7632.25,2025-11-02,2025-11-18,0.08,0.13,Cash
147,81,25,2,7626.05,2026-04-04,2026-04-29,0.09,0.2,Bank Transfer
148,34,33,10,4196.37,2026-03-14,2026-03-14,0.06,0.14,PayPal
149,47,17,7,6673.29,2026-04-07,2026-04-07,0.15,0.13,Bank Transfer
150,55,36,5,5647.95,2026-03-13,2026-03-19,0.11,0.1,Bank Transfer
151,56,7,9,9989.83,2025-09-15,2025-10-01,0.14,0.11,Credit Card
152,68,8,5,9236.77,2026-06-05,2026-06-16,0.08,0.12,Credit Card
153,58,17,8,4637.42,2025-10-27,2025-11-20,0.14,0.05,Credit Card
154,30,6,3,3485.57,2025-09-13,2025-09-22,0.14,0.19,Credit Card
155,27,16,9,1823.53,2025-08-30,2025-09-01,0.18,0.13,Bank Transfer
156,80,22,6,5136.06,2026-06-20,2026-07-14,0.2,0.14,Credit Card
157,97,28,8,1664.85,2025-08-03,2025-08-09,0.07,0.06,PayPal
158,40,1,8,8600.64,2025-09-23,2025-10-01,0.11,0.1,Credit Card
159,53,16,4,1605.36,2026-06-09,2026-06-12,0.15,0.12,Credit Card
160,91,24,2,7180.0,2026-01-05,2026-01-31,0.06,0.13,Bank Transfer
161,56,43,4,9864.54,2026-06-14,2026-07-02,0.19,0.1,Cash
162,91,11,4,3803.36,2026-04-11,2026-04-24,0.09,0.08,Bank Transfer
163,10,34,3,1763.6,2026-05-12,2026-05-16,0.1,0.15,Bank Transfer
164,41,22,8,4217.72,2026-05-24,2026-06-09,0.18,0.11,Cash
165,93,15,2,5479.31,2026-06-12,2026-06-21,0.07,0.05,PayPal
166,6,37,4,8391.16,2026-02-19,2026-03-13,0.18,0.18,Credit Card
167,19,29,7,6987.0,2025-11-16,2025-11-23,0.06,0.09,Cash
168,91,28,1,6635.0,2025-11-04,2025-11-21,0.11,0.15,PayPal
169,28,26,8,4264.15,2026-05-13,2026-05-23,0.12,0.07,Cash
170,92,43,10,6319.15,2025-10-06,2025-10-25,0.14,0.05,Bank Transfer
171,38,5,6,6996.88,2025-11-27,2025-12-27,0.09,0.14,Bank Transfer
172,73,17,2,4246.49,2025-10-13,2025-10-13,0.12,0.06,Cash
173,47,25,8,9915.45,2025-12-31,2026-01-07,0.17,0.13,Bank Transfer
174,41,34,1,6780.22,2026-03-27,2026-04-26,0.11,0.14,Credit Card
175,4,9,7,3565.98,2026-06-24,2026-07-20,0.08,0.09,Cash
176,98,45,5,4738.7,2025-07-24,2025-08-20,0.05,0.08,PayPal
177,46,25,3,6898.41,2026-01-24,2026-02-03,0.12,0.11,Credit Card
178,85,15,1,2357.9,2026-03-22,2026-04-01,0.08,0.14,Bank Transfer
179,22,48,9,8648.17,2026-07-17,2026-07-26,0.14,0.06,PayPal
180,68,32,10,5571.82,2026-03-29,2026-04-07,0.2,0.11,Credit Card
181,85,2,5,7030.79,2025-11-08,2025-11-22,0.06,0.06,Bank Transfer
182,90,19,1,4747.79,2026-02-12,2026-03-10,0.05,0.09,Bank Transfer
183,69,39,3,1481.5,2025-10-12,2025-10-18,0.11,0.14,Cash
184,76,1,8,5971.69,2026-06-16,2026-06-22,0.16,0.1,Cash
185,77,46,4,2965.41,2025-10-11,2025-11-04,0.1,0.06,PayPal
186,43,41,8,3999.54,2026-04-01,2026-05-01,0.1,0.09,PayPal
187,100,1,3,8343.22,2025-10-06,2025-10-14,0.06,0.16,Cash
188,43,21,7,2634.24,2026-02-05,2026-02-11,0.08,0.16,Credit Card
189,10,40,9,9378.28,2026-02-01,2026-02-26,0.17,0.1,Bank Transfer
190,41,25,2,8663.77,2025-10-26,2025-11-18,0.13,0.13,Cash
191,88,20,6,5618.14,2026-06-15,2026-06-28,0.17,0.11,Credit Card
192,68,47,7,2126.36,2025-09-28,2025-10-11,0.09,0.14,Cash
193,7,50,1,6186.83,2026-01-07,2026-01-24,0.2,0.17,Credit Card
194,38,47,7,5954.33,2025-12-20,2026-01-16,0.19,0.17,PayPal
195,66,3,8,6410.35,2026-04-26,2026-05-15,0.05,0.19,Cash
196,66,27,3,4839.59,2026-06-04,2026-06-16,0.11,0.19,PayPal
197,92,46,10,5969.81,2025-12-07,2025-12-07,0.19,0.13,Credit Card
198,62,34,7,9486.11,2026-05-28,2026-06-17,0.07,0.09,Credit Card
199,34,38,6,2773.91,2026-02-17,2026-03-17,0.14,0.07,Bank Transfer
200,69,12,10,3788.67,2026-01-20,2026-01-21,0.14,0.16,PayPal
201,87,37,2,5375.46,2025-11-23,2025-11-25,0.17,0.14,Bank Transfer
202,73,23,5,8439.22,2026-01-10,2026-01-28,0.08,0.06,Cash
203,32,4,8,2152.65,2026-03-19,2026-04-09,0.15,0.17,Cash
204,42,43,6,7578.17,2025-12-10,2025-12-29,0.07,0.07,Credit Card
205,77,15,6,6404.37,2026-03-01,2026-03-15,0.09,0.16,Credit Card
206,96,39,10,2661.72,2026-03-11,2026-03-12,0.12,0.06,Credit Card
207,100,46,5,9372.59,2026-07-11,2026-07-26,0.06,0.06,Credit Card
208,53,11,6,3148.62,2026-06-21,2026-06-28,0.07,0.07,PayPal
209,94,1,9,6796.27,2026-05-30,2026-06-06,0.19,0.15,Cash
210,74,35,10,3632.12,2025-09-13,2025-09-19,0.16,0.14,Bank Transfer
211,32,25,2,5455.46,2025-08-09,2025-08-11,0.17,0.19,PayPal
212,51,48,9,1466.14,2026-07-08,2026-07-17,0.11,0.13,PayPal
213,29,4,2,5122.05,2026-07-09,2026-07-18,0.07,0.1,Cash
214,76,37,9,7013.34,2026-05-06,2026-05-22,0.14,0.07,Credit Card
215,35,23,9,7363.72,2026-04-11,2026-05-03,0.07,0.1,Bank Transfer
216,84,15,2,3223.25,2025-10-18,2025-11-02,0.1,0.18,Bank Transfer
217,71,23,2,4515.78,2026-07-10,2026-07-14,0.1,0.12,PayPal
218,32,32,1,6866.69,2025-11-16,2025-12-12,0.17,0.08,Credit Card
219,67,43,7,4955.22,2026-01-14,2026-02-04,0.15,0.16,Credit Card
220,11,30,10,6368.73,2026-02-05,2026-03-07,0.19,0.09,Credit Card
221,10,32,9,8030.38,2026-06-23,2026-07-13,0.12,0.1,Credit Card
222,63,48,7,5355.42,2025-09-14,2025-09-26,0.2,0.16,PayPal
223,3,50,5,3421.42,2026-05-11,2026-05-31,0.08,0.1,Bank Transfer
224,83,13,4,7790.26,2026-02-11,2026-03-13,0.19,0.09,Cash
225,5,25,10,1210.74,2025-11-21,2025-11-26,0.17,0.08,PayPal
226,45,9,10,8441.77,2026-06-09,2026-06-14,0.2,0.13,Cash
227,20,48,9,8352.98,2026-02-13,2026-02-23,0.17,0.13,Bank Transfer
228,34,9,2,6820.15,2025-09-05,2025-09-07,0.08,0.19,Bank Transfer
229,73,9,10,7335.13,2025-09-09,2025-10-05,0.18,0.08,Credit Card
230,9,38,8,3063.95,2025-07-20,2025-08-16,0.08,0.16,Cash
231,33,36,3,1268.19,2026-03-17,2026-04-02,0.06,0.06,PayPal
232,1,22,5,4803.84,2025-11-19,2025-12-04,0.08,0.15,Credit Card
233,29,4,6,9580.5,2026-01-21,2026-02-17,0.06,0.16,Credit Card
234,71,21,2,7833.89,2026-01-22,2026-02-04,0.14,0.06,PayPal
235,100,27,2,5229.78,2026-04-22,2026-04-26,0.18,0.18,Credit Card
236,80,10,9,6848.55,2026-07-15,2026-07-23,0.14,0.16,Cash
237,14,44,3,1847.22,2026-02-06,2026-02-06,0.18,0.09,PayPal
238,27,44,8,4351.05,2025-09-10,2025-09-18,0.2,0.06,Credit Card
239,13,29,6,5093.6,2026-05-04,2026-05-08,0.08,0.19,PayPal
240,26,7,5,1105.45,2025-10-19,2025-11-13,0.17,0.11,Credit Card
241,67,22,8,9102.49,2026-05-13,2026-06-12,0.09,0.16,PayPal
242,83,43,2,5713.57,2026-05-07,2026-05-10,0.19,0.16,Bank Transfer
243,18,34,9,7767.37,2025-09-11,2025-09-25,0.15,0.17,Credit Card
244,62,20,2,4996.97,2026-07-08,2026-07-21,0.11,0.18,Credit Card
245,84,3,3,2023.21,2026-03-23,2026-03-24,0.13,0.08,PayPal
246,45,23,1,3141.68,2025-09-29,2025-10-05,0.12,0.12,Cash
247,93,45,9,6715.66,2026-05-24,2026-06-14,0.13,0.19,Cash
248,76,32,2,2899.69,2025-11-26,2025-12-06,0.12,0.13,Cash
249,29,4,3,9453.17,2026-04-08,2026-05-02,0.2,0.1,Credit Card
250,8,45,2,2656.72,2025-12-30,2026-01-13,0.11,0.12,Cash
251,48,36,6,9637.69,2026-06-28,2026-07-01,0.06,0.06,Cash
252,54,29,10,4828.98,2026-06-09,2026-07-05,0.11,0.07,PayPal
253,48,34,7,4834.79,2026-06-24,2026-07-09,0.08,0.16,PayPal
254,22,21,4,2725.9,2025-12-14,2026-01-07,0.13,0.06,PayPal
255,7,2,10,1955.16,2026-04-24,2026-05-17,0.08,0.14,Credit Card
256,95,21,7,2031.43,2025-11-01,2025-11-11,0.2,0.06,PayPal
257,49,35,4,7425.99,2025-07-23,2025-08-08,0.06,0.14,Cash
258,3,34,1,3679.96,2026-01-17,2026-02-07,0.19,0.19,Credit Card
259,74,1,1,4075.07,2026-04-19,2026-04-29,0.16,0.07,Cash
260,27,9,5,1618.97,2026-03-26,2026-04-23,0.16,0.16,Bank Transfer
261,94,34,10,6022.59,2026-03-16,2026-04-15,0.17,0.18,Bank Transfer
262,17,47,6,9268.64,2026-02-06,2026-03-07,0.08,0.2,Credit Card
263,96,46,3,7876.54,2025-08-23,2025-09-01,0.14,0.15,Credit Card
264,30,22,6,7335.1,2026-01-19,2026-02-18,0.19,0.11,Bank Transfer
265,20,28,6,9861.63,2025-09-27,2025-10-02,0.05,0.19,Credit Card
266,80,35,8,2745.72,2026-06-23,2026-07-23,0.18,0.12,PayPal
267,22,28,3,8823.16,2025-08-07,2025-09-04,0.13,0.19,Bank Transfer
268,55,37,3,7721.71,2026-01-12,2026-01-23,0.12,0.11,PayPal
269,50,42,1,9059.74,2025-09-11,2025-09-16,0.11,0.16,Bank Transfer
270,53,12,7,8219.79,2026-04-20,2026-04-24,0.17,0.2,PayPal
271,42,14,2,1721.0,2026-03-02,2026-03-07,0.15,0.17,Cash
272,14,17,2,4454.85,2025-09-14,2025-10-13,0.13,0.13,PayPal
273,39,45,9,8827.08,2026-06-15,2026-06-21,0.09,0.1,PayPal
274,15,50,9,7193.91,2025-10-05,2025-10-12,0.19,0.2,Credit Card
275,54,45,3,2133.93,2026-06-12,2026-06-12,0.14,0.08,Bank Transfer
276,6,39,8,6824.68,2026-06-07,2026-06-26,0.12,0.07,Credit Card
277,96,11,9,4736.22,2025-09-18,2025-10-03,0.17,0.1,Credit Card
278,88,17,4,3049.12,2026-06-20,2026-07-01,0.2,0.15,Bank Transfer
279,78,33,9,3434.19,2025-09-16,2025-09-20,0.14,0.07,PayPal
280,64,48,9,6534.41,2026-06-28,2026-07-24,0.1,0.09,Credit Card
281,65,32,10,2952.91,2026-02-18,2026-02-28,0.11,0.19,Bank Transfer
282,15,39,10,3758.67,2025-12-27,2025-12-27,0.14,0.16,PayPal
283,93,38,2,6652.69,2026-01-20,2026-02-05,0.11,0.13,Credit Card
284,50,25,1,3717.52,2025-12-23,2026-01-04,0.2,0.13,Bank Transfer
285,70,1,10,8039.92,2025-12-11,2025-12-27,0.12,0.11,PayPal
286,94,37,3,3318.25,2026-02-16,2026-02-28,0.08,0.2,Bank Transfer
287,24,11,4,5427.32,2025-08-16,2025-09-02,0.13,0.15,Bank Transfer
288,55,34,7,5495.16,2025-12-14,2025-12-14,0.13,0.14,Bank Transfer
289,50,27,9,4800.99,2025-10-05,2025-10-11,0.06,0.08,Bank Transfer
290,27,32,6,9775.92,2025-09-27,2025-10-02,0.14,0.16,Cash
291,47,31,6,8251.63,2026-01-27,2026-02-17,0.09,0.07,Cash
292,28,26,8,5075.19,2025-09-17,2025-10-08,0.17,0.11,Cash
293,6,11,6,7114.77,2026-02-15,2026-02-15,0.14,0.1,Cash
294,33,44,10,4820.65,2025-07-31,2025-08-17,0.08,0.16,Credit Card
295,51,17,4,7047.52,2025-12-21,2025-12-29,0.12,0.08,Credit Card
296,86,50,9,3999.04,2025-09-18,2025-09-18,0.08,0.18,Credit Card
297,58,14,7,6650.03,2026-03-20,2026-03-31,0.15,0.07,Bank Transfer
298,62,34,7,8833.28,2026-06-04,2026-06-27,0.11,0.15,Bank Transfer
299,61,15,8,5704.96,2026-03-08,2026-04-02,0.18,0.07,PayPal
300,18,8,3,2704.13,2025-09-27,2025-10-15,0.07,0.19,Credit Card
301,60,47,1,7582.82,2025-12-13,2026-01-09,0.16,0.07,Credit Card
302,78,35,6,7574.31,2026-03-05,2026-03-05,0.1,0.08,PayPal
303,17,12,10,9853.87,2026-05-10,2026-05-13,0.08,0.15,Bank Transfer
304,61,17,10,1130.06,2025-11-28,2025-12-02,0.06,0.08,PayPal
305,77,4,2,8403.07,2025-09-05,2025-09-22,0.09,0.17,Cash
306,53,29,1,3855.46,2026-01-19,2026-02-11,0.19,0.19,Cash
307,30,18,4,5182.78,2026-06-15,2026-06-15,0.12,0.12,Bank Transfer
308,70,42,1,5602.5,2025-11-20,2025-12-08,0.06,0.18,Bank Transfer
309,40,37,2,5200.65,2025-12-22,2025-12-23,0.08,0.14,Bank Transfer
310,84,35,8,2665.74,2025-11-17,2025-12-03,0.05,0.19,Cash
311,56,32,10,6728.06,2025-11-25,2025-11-28,0.15,0.05,Bank Transfer
312,30,14,4,6045.26,2026-01-04,2026-01-16,0.16,0.11,Credit Card
313,46,26,6,4818.01,2026-03-21,2026-03-21,0.18,0.13,Credit Card
314,85,22,7,6430.15,2025-09-27,2025-10-02,0.1,0.05,Cash
315,30,20,3,6447.33,2025-11-28,2025-12-19,0.15,0.06,Cash
316,76,38,6,2462.66,2026-07-02,2026-08-01,0.06,0.17,PayPal
317,53,8,7,4051.0,2025-12-27,2026-01-09,0.09,0.17,Credit Card
318,65,22,4,9615.46,2026-01-28,2026-02-20,0.09,0.06,Bank Transfer
319,45,19,1,1889.19,2026-02-09,2026-02-24,0.14,0.13,Credit Card
320,88,8,9,5939.24,2026-01-24,2026-02-08,0.17,0.11,Credit Card
321,35,31,7,1593.54,2025-09-19,2025-10-03,0.07,0.06,Credit Card
322,10,16,8,1548.86,2026-03-05,2026-03-21,0.07,0.14,PayPal
323,71,42,5,6692.71,2026-04-07,2026-04-19,0.11,0.06,Bank Transfer
324,83,35,10,9880.71,2026-04-11,2026-04-16,0.17,0.08,Credit Card
325,46,36,5,6031.34,2026-01-30,2026-02-25,0.09,0.14,Cash
326,56,19,10,6259.66,2026-05-01,2026-05-14,0.18,0.06,PayPal
327,51,10,7,8139.18,2026-05-27,2026-06-01,0.08,0.18,PayPal
328,16,5,4,9651.22,2026-04-24,2026-05-18,0.12,0.1,Bank Transfer
329,10,30,4,1682.03,2025-09-05,2025-09-25,0.15,0.16,PayPal
330,62,39,9,6802.96,2026-07-12,2026-08-01,0.09,0.18,Bank Transfer
331,28,7,3,4214.49,2026-02-26,2026-03-08,0.13,0.19,Bank Transfer
332,82,4,7,3406.22,2026-03-26,2026-04-21,0.08,0.17,Bank Transfer
333,49,26,5,2919.27,2025-09-29,2025-10-09,0.11,0.19,Bank Transfer
334,72,28,3,8207.78,2025-11-27,2025-12-15,0.07,0.08,Bank Transfer
335,40,49,8,9094.78,2026-06-24,2026-07-10,0.07,0.07,PayPal
336,92,17,3,6114.38,2026-03-21,2026-03-22,0.15,0.08,Cash
337,53,32,9,5527.21,2025-08-27,2025-09-01,0.09,0.08,PayPal
338,43,20,7,6471.39,2025-11-19,2025-12-08,0.07,0.07,Cash
339,17,45,1,2720.84,2026-04-14,2026-04-16,0.11,0.06,Cash
340,32,3,10,7393.54,2025-08-23,2025-09-02,0.07,0.06,Bank Transfer
341,48,3,10,4501.5,2025-11-22,2025-11-27,0.14,0.14,Bank Transfer
342,42,32,2,7924.83,2026-01-13,2026-02-06,0.19,0.18,Bank Transfer
343,65,47,2,5324.14,2026-02-01,2026-02-07,0.12,0.2,Credit Card
344,100,42,10,7610.08,2026-06-05,2026-07-01,0.12,0.17,PayPal
345,20,16,7,6316.9,2026-03-06,2026-03-30,0.2,0.16,Bank Transfer
346,18,14,10,2143.12,2025-08-11,2025-08-23,0.07,0.17,Credit Card
347,18,25,1,8112.8,2026-05-01,2026-05-08,0.17,0.08,Bank Transfer
348,59,33,3,9696.88,2025-10-19,2025-10-19,0.13,0.1,PayPal
349,71,24,9,7587.44,2025-12-15,2025-12-15,0.11,0.18,Cash
350,43,42,2,1327.17,2026-07-07,2026-07-31,0.05,0.11,Bank Transfer
351,12,44,1,5346.77,2026-06-24,2026-07-08,0.1,0.13,Bank Transfer
352,80,24,4,2846.03,2025-12-15,2026-01-05,0.12,0.18,Credit Card
353,15,14,6,8588.04,2026-04-09,2026-04-30,0.09,0.11,Cash
354,7,34,3,1256.09,2025-08-16,2025-09-11,0.08,0.18,Bank Transfer
355,80,44,1,3870.01,2025-09-23,2025-09-28,0.17,0.05,Cash
356,100,41,9,3121.66,2025-11-04,2025-11-22,0.2,0.16,Credit Card
357,93,27,9,7155.13,2026-05-08,2026-05-17,0.12,0.12,Credit Card
358,57,16,10,2995.13,2025-11-16,2025-11-21,0.16,0.07,PayPal
359,50,10,9,1245.33,2025-08-25,2025-09-22,0.05,0.1,Credit Card
360,71,29,4,4547.25,2025-08-29,2025-09-24,0.08,0.16,Bank Transfer
361,66,15,4,1917.59,2025-07-23,2025-08-03,0.09,0.1,PayPal
362,14,16,6,4984.47,2025-09-10,2025-09-26,0.09,0.15,Credit Card
363,32,15,1,8178.03,2026-02-20,2026-02-28,0.05,0.14,Cash
364,60,47,5,6041.53,2025-11-28,2025-12-07,0.2,0.15,Credit Card
365,45,23,5,9359.09,2026-05-08,2026-05-10,0.19,0.1,Cash
366,37,12,4,9126.08,2026-05-17,2026-05-30,0.12,0.15,Credit Card
367,29,42,9,1017.98,2026-01-22,2026-02-09,0.11,0.08,Cash
368,41,6,7,3665.16,2026-01-07,2026-01-21,0.12,0.17,Cash
369,52,14,5,5003.19,2025-10-05,2025-10-10,0.1,0.13,Cash
370,41,19,6,8080.94,2026-04-24,2026-05-09,0.1,0.16,Bank Transfer
371,55,30,4,8185.23,2026-06-24,2026-07-22,0.13,0.14,Cash
372,52,14,8,2327.56,2026-01-25,2026-02-17,0.18,0.18,Credit Card
373,73,17,6,6704.57,2026-02-10,2026-03-10,0.07,0.12,Credit Card
374,47,4,1,1377.27,2025-09-11,2025-09-13,0.14,0.05,Cash
375,84,31,6,5881.61,2025-09-28,2025-10-05,0.11,0.1,PayPal
376,12,33,3,7713.28,2025-11-02,2025-11-06,0.08,0.15,Credit Card
377,56,43,7,1805.66,2026-06-01,2026-06-21,0.09,0.14,Bank Transfer
378,65,2,10,6791.08,2025-10-26,2025-11-08,0.2,0.1,Cash
379,98,10,2,4136.39,2026-05-10,2026-05-14,0.14,0.07,Bank Transfer
380,45,40,2,3709.21,2026-07-01,2026-07-11,0.05,0.12,PayPal
381,4,10,8,5024.33,2025-08-15,2025-08-16,0.2,0.2,Bank Transfer
382,65,9,3,4246.56,2026-06-11,2026-07-09,0.2,0.16,PayPal
383,21,23,2,9386.43,2025-11-19,2025-12-16,0.17,0.19,Bank Transfer
384,54,13,10,7304.98,2025-10-22,2025-10-29,0.19,0.14,Credit Card
385,24,34,7,4677.44,2026-02-05,2026-02-16,0.1,0.09,PayPal
386,6,38,8,6170.65,2025-11-11,2025-11-23,0.12,0.2,Credit Card
387,54,14,8,2247.55,2025-11-14,2025-11-23,0.13,0.06,PayPal
388,29,43,6,8252.58,2026-02-04,2026-02-18,0.14,0.12,Bank Transfer
389,54,27,2,1349.66,2025-09-11,2025-09-18,0.18,0.06,Bank Transfer
390,97,40,10,1118.17,2026-03-25,2026-04-24,0.15,0.19,Cash
391,7,13,3,7357.92,2025-08-30,2025-09-18,0.17,0.13,PayPal
392,46,50,9,9761.1,2025-07-22,2025-07-26,0.09,0.13,Credit Card
393,67,3,7,6859.91,2026-03-26,2026-04-01,0.11,0.17,Bank Transfer
394,45,40,9,8744.8,2025-10-01,2025-10-30,0.12,0.06,Credit Card
395,2,41,3,7686.09,2025-10-01,2025-10-25,0.06,0.09,Bank Transfer
396,6,13,8,9001.35,2025-07-27,2025-08-21,0.19,0.16,Bank Transfer
397,8,32,1,3146.21,2025-07-21,2025-08-10,0.14,0.07,Credit Card
398,75,24,6,7364.76,2025-08-20,2025-09-04,0.15,0.15,Cash
399,71,50,9,2075.92,2025-11-26,2025-12-08,0.13,0.17,PayPal
400,65,11,1,3658.51,2025-12-03,2025-12-09,0.05,0.16,PayPal
401,4,10,7,9186.02,2026-01-29,2026-02-15,0.07,0.09,Cash
402,54,4,4,5516.96,2026-06-30,2026-07-23,0.08,0.12,Bank Transfer
403,80,37,9,8869.08,2026-07-15,2026-07-17,0.17,0.2,Cash
404,23,49,6,6469.45,2026-05-05,2026-05-25,0.14,0.17,PayPal
405,67,21,1,4003.26,2025-12-20,2026-01-07,0.19,0.17,Credit Card
406,51,18,8,4549.25,2026-04-30,2026-05-07,0.14,0.2,Credit Card
407,70,43,4,8018.55,2025-10-29,2025-10-31,0.06,0.06,PayPal
408,43,23,1,6273.63,2026-06-25,2026-06-29,0.11,0.07,Cash
409,86,19,6,8946.75,2025-12-28,2026-01-10,0.12,0.1,Bank Transfer
410,36,39,5,4263.52,2025-12-23,2025-12-28,0.2,0.13,Credit Card
411,59,43,2,8590.97,2025-11-17,2025-11-20,0.14,0.06,Cash
412,52,6,3,8336.02,2025-11-20,2025-12-11,0.13,0.14,PayPal
413,56,1,5,1490.96,2025-11-09,2025-11-10,0.18,0.11,PayPal
414,51,4,1,2148.98,2026-05-05,2026-05-16,0.14,0.14,Bank Transfer
415,58,17,6,8656.75,2025-08-30,2025-09-28,0.09,0.07,PayPal
416,18,33,3,7766.84,2025-11-04,2025-11-25,0.18,0.19,Bank Transfer
417,40,5,1,9762.31,2025-10-25,2025-11-22,0.11,0.1,Credit Card
418,30,17,10,5403.21,2025-09-07,2025-09-23,0.09,0.17,Bank Transfer
419,98,2,3,2870.9,2025-12-29,2026-01-13,0.19,0.07,Cash
420,94,41,10,1062.38,2026-02-09,2026-02-12,0.14,0.14,Cash
421,40,24,7,8876.02,2026-04-14,2026-04-23,0.07,0.15,Credit Card
422,21,43,2,8500.54,2025-08-10,2025-08-31,0.09,0.09,Credit Card
423,8,8,8,4817.73,2025-12-20,2026-01-01,0.13,0.1,Cash
424,95,2,10,8859.98,2026-03-21,2026-04-06,0.11,0.17,PayPal
425,16,48,2,1591.09,2026-05-21,2026-05-27,0.13,0.05,Bank Transfer
426,3,41,3,5259.06,2025-10-07,2025-10-22,0.08,0.06,Credit Card
427,86,47,10,7606.24,2026-07-10,2026-07-25,0.18,0.16,Cash
428,75,6,9,5170.54,2025-12-27,2026-01-23,0.18,0.07,Cash
429,4,21,4,9006.2,2026-05-27,2026-06-20,0.16,0.19,Cash
430,93,27,5,9015.26,2026-04-21,2026-05-15,0.15,0.19,Bank Transfer
431,46,20,5,3729.07,2026-02-10,2026-03-04,0.18,0.17,Credit Card
432,2,27,1,1915.74,2025-07-24,2025-07-27,0.13,0.18,Cash
433,74,45,10,8570.7,2025-08-03,2025-08-04,0.14,0.13,PayPal
434,41,26,5,2021.7,2026-04-23,2026-04-27,0.16,0.18,Credit Card
435,30,32,8,6288.12,2025-11-23,2025-12-04,0.05,0.06,Bank Transfer
436,18,17,9,5168.81,2025-09-14,2025-09-26,0.15,0.15,Credit Card
437,80,19,6,7334.93,2026-05-13,2026-05-13,0.17,0.17,Credit Card
438,2,40,10,5554.92,2025-11-11,2025-11-11,0.06,0.17,Cash
439,77,15,6,5406.35,2026-03-16,2026-03-30,0.15,0.11,Cash
440,54,29,9,2057.7,2026-03-08,2026-03-09,0.17,0.05,Cash
441,13,42,2,7811.57,2026-05-20,2026-06-14,0.09,0.09,Bank Transfer
442,76,38,1,7958.42,2026-01-25,2026-02-09,0.09,0.07,Cash
443,68,25,5,2042.51,2025-10-18,2025-10-24,0.12,0.08,PayPal
444,92,10,5,4142.33,2026-01-22,2026-01-22,0.18,0.19,Bank Transfer
445,57,46,5,8998.65,2026-02-05,2026-03-04,0.2,0.19,PayPal
446,20,49,8,5154.25,2025-10-12,2025-10-29,0.13,0.19,Credit Card
447,52,9,2,6555.02,2025-07-24,2025-08-02,0.06,0.09,Bank Transfer
448,8,2,7,3456.17,2026-05-01,2026-05-31,0.17,0.08,PayPal
449,78,17,5,2237.46,2026-06-30,2026-07-07,0.06,0.13,PayPal
450,41,16,7,7936.14,2025-11-18,2025-12-04,0.18,0.18,Cash
451,59,5,3,1547.19,2026-04-25,2026-05-05,0.13,0.13,Cash
452,68,38,5,2740.18,2025-07-24,2025-08-09,0.1,0.1,Bank Transfer
453,56,39,2,6410.53,2026-04-02,2026-04-26,0.17,0.13,Credit Card
454,99,22,10,9561.64,2026-05-29,2026-06-23,0.18,0.08,Cash
455,20,44,6,5316.71,2025-07-30,2025-08-29,0.19,0.14,Credit Card
456,55,42,9,4847.89,2026-05-06,2026-05-07,0.07,0.16,Cash
457,91,11,2,8373.84,2026-05-13,2026-05-30,0.13,0.06,Cash
458,82,46,3,4734.75,2025-11-30,2025-11-30,0.1,0.09,Credit Card
459,32,32,9,2539.49,2026-03-06,2026-03-24,0.15,0.11,Bank Transfer
460,20,32,5,1865.05,2026-03-25,2026-03-30,0.06,0.15,Credit Card
461,12,50,8,6664.07,2026-03-18,2026-03-23,0.18,0.13,Bank Transfer
462,18,24,2,2660.32,2026-04-06,2026-04-24,0.12,0.09,Credit Card
463,16,4,9,3266.33,2025-09-02,2025-09-24,0.1,0.09,Cash
464,26,46,4,8766.99,2026-02-22,2026-03-02,0.09,0.13,Credit Card
465,76,25,5,2736.21,2025-09-19,2025-10-06,0.07,0.17,Bank Transfer
466,9,7,8,2866.59,2025-12-23,2026-01-17,0.15,0.17,PayPal
467,91,33,7,4053.62,2026-05-31,2026-06-12,0.14,0.16,Cash
468,38,25,3,5675.2,2026-05-26,2026-06-07,0.08,0.06,Credit Card
469,36,36,9,9253.42,2025-07-29,2025-08-22,0.12,0.15,Credit Card
470,99,47,6,7978.06,2026-05-28,2026-06-19,0.13,0.07,Credit Card
471,90,12,3,4803.41,2026-04-21,2026-05-08,0.07,0.17,Bank Transfer
472,89,39,9,8186.13,2025-12-27,2026-01-09,0.19,0.09,Bank Transfer
473,32,22,7,3857.69,2026-07-01,2026-07-12,0.07,0.12,PayPal
474,44,40,9,7235.43,2025-07-27,2025-08-03,0.09,0.19,Cash
475,24,29,6,9836.01,2025-12-11,2025-12-25,0.18,0.1,Cash
476,48,32,7,2229.86,2025-10-28,2025-10-31,0.14,0.12,PayPal
477,41,22,10,7891.38,2025-11-22,2025-11-25,0.06,0.1,Credit Card
478,24,14,3,8504.05,2026-05-22,2026-06-15,0.2,0.11,Bank Transfer
479,51,24,3,8017.3,2026-01-10,2026-01-31,0.06,0.08,Cash
480,19,48,6,7673.01,2025-10-28,2025-11-15,0.2,0.19,Cash
481,17,44,3,6791.48,2026-01-08,2026-02-01,0.07,0.14,PayPal
482,63,29,3,8245.37,2026-06-30,2026-07-22,0.06,0.05,Cash
483,54,38,7,3190.28,2026-05-11,2026-05-31,0.15,0.17,Credit Card
484,6,18,5,9812.33,2025-09-04,2025-09-24,0.06,0.1,PayPal
485,32,2,8,3008.51,2025-12-05,2025-12-13,0.14,0.12,PayPal
486,10,4,2,2903.56,2026-05-05,2026-05-09,0.11,0.14,Cash
487,65,6,2,1227.49,2025-12-29,2026-01-27,0.17,0.13,PayPal
488,25,40,5,8349.86,2025-08-31,2025-09-11,0.11,0.06,Credit Card
489,25,17,9,4919.26,2026-02-05,2026-02-15,0.15,0.18,PayPal
490,12,13,6,7645.76,2025-09-01,2025-09-17,0.12,0.11,PayPal
491,23,47,8,7204.62,2026-01-24,2026-02-06,0.18,0.1,PayPal
492,2,14,10,5400.95,2025-12-19,2026-01-05,0.14,0.18,Credit Card
493,49,2,8,8745.96,2026-01-04,2026-01-06,0.19,0.11,PayPal
494,79,33,3,8578.68,2026-06-17,2026-07-11,0.11,0.19,Credit Card
495,33,27,2,3959.29,2026-04-12,2026-04-30,0.11,0.16,Credit Card
496,11,37,6,4260.6,2026-02-12,2026-02-20,0.06,0.17,PayPal
497,88,32,5,8529.66,2025-08-25,2025-09-06,0.14,0.09,Cash
498,41,5,10,7975.1,2025-11-02,2025-11-30,0.12,0.08,Cash
499,55,21,7,7815.84,2025-10-10,2025-10-30,0.18,0.13,Cash
500,82,36,6,1766.24,2026-06-21,2026-07-02,0.12,0.13,Credit Card
501,43,17,6,8949.65,2025-12-28,2026-01-06,0.06,0.09,PayPal
502,32,24,1,9205.7,2025-10-23,2025-11-03,0.15,0.17,Credit Card
503,13,42,8,6644.51,2026-03-01,2026-03-24,0.07,0.14,Bank Transfer
504,86,18,8,8380.6,2025-07-23,2025-07-23,0.1,0.13,PayPal
505,45,45,4,8261.42,2025-11-15,2025-12-10,0.19,0.09,Cash
506,25,27,4,3340.77,2026-04-08,2026-05-03,0.14,0.19,Credit Card
507,90,17,8,3728.27,2025-12-12,2025-12-18,0.09,0.17,Cash
508,55,1,2,8509.28,2026-03-10,2026-04-04,0.06,0.06,Cash
509,76,43,2,4030.65,2025-08-12,2025-08-24,0.18,0.08,PayPal
510,78,18,9,6874.98,2026-07-09,2026-07-17,0.13,0.14,Credit Card
511,34,14,6,4678.35,2025-12-12,2025-12-15,0.12,0.06,Bank Transfer
512,21,24,4,3859.5,2025-11-26,2025-12-16,0.14,0.09,Bank Transfer
513,89,44,3,9105.05,2026-02-20,2026-03-01,0.15,0.2,Bank Transfer
514,98,10,8,3410.88,2026-02-20,2026-03-13,0.17,0.07,Credit Card
515,32,37,1,5263.36,2026-02-09,2026-02-16,0.14,0.07,PayPal
516,94,39,7,9671.06,2026-02-08,2026-03-10,0.06,0.16,Credit Card
517,87,1,4,5472.63,2025-08-25,2025-08-26,0.18,0.18,PayPal
518,92,20,7,4510.32,2025-11-21,2025-12-05,0.13,0.16,Bank Transfer
519,88,25,7,2091.81,2026-02-28,2026-03-24,0.15,0.2,Bank Transfer
520,40,38,1,4048.44,2026-05-13,2026-06-06,0.1,0.05,Bank Transfer
521,83,14,6,5500.23,2026-04-14,2026-04-20,0.12,0.1,PayPal
522,73,12,3,1213.82,2025-11-19,2025-11-25,0.1,0.17,Cash
523,95,32,6,3234.53,2026-01-14,2026-01-24,0.13,0.14,PayPal
524,4,48,1,9438.49,2025-07-20,2025-08-01,0.19,0.1,Credit Card
525,2,31,7,7967.55,2025-09-29,2025-10-10,0.13,0.11,Bank Transfer
526,25,30,3,9064.81,2026-06-17,2026-06-26,0.08,0.14,Cash
527,49,12,3,6492.51,2025-07-31,2025-08-15,0.12,0.12,Credit Card
528,46,3,3,4855.59,2025-08-19,2025-08-21,0.09,0.1,Cash
529,49,35,3,2231.85,2026-03-18,2026-04-14,0.1,0.13,Bank Transfer
530,26,29,5,8901.6,2026-03-31,2026-04-29,0.09,0.08,Credit Card
531,71,50,3,7529.13,2026-04-27,2026-05-01,0.19,0.14,PayPal
532,8,7,8,6347.37,2026-04-01,2026-04-20,0.15,0.18,PayPal
533,43,25,1,6303.12,2025-12-18,2025-12-25,0.12,0.08,Cash
534,18,29,10,1237.13,2025-11-11,2025-11-20,0.05,0.19,Cash
535,5,19,3,9939.41,2025-09-22,2025-09-23,0.05,0.19,Bank Transfer
536,42,7,5,2228.85,2026-06-13,2026-07-05,0.07,0.19,Cash
537,37,40,3,5264.99,2025-09-06,2025-09-07,0.09,0.16,PayPal
538,86,40,4,2871.48,2026-03-25,2026-04-09,0.15,0.05,PayPal
539,50,2,8,4517.74,2026-07-07,2026-07-26,0.17,0.12,PayPal
540,47,12,10,5882.89,2026-05-14,2026-06-04,0.13,0.11,Cash
541,1,41,8,2157.19,2026-07-16,2026-07-30,0.14,0.05,Credit Card
542,51,7,9,7967.27,2026-06-29,2026-07-12,0.14,0.1,Bank Transfer
543,5,35,7,7439.74,2026-06-21,2026-07-07,0.16,0.11,Bank Transfer
544,81,22,6,1947.37,2026-06-27,2026-07-26,0.2,0.15,Credit Card
545,12,20,10,5235.27,2026-03-03,2026-03-09,0.2,0.19,Credit Card
546,31,7,4,4929.78,2025-09-20,2025-09-23,0.13,0.09,Credit Card
547,72,40,6,9644.61,2025-08-20,2025-08-20,0.18,0.19,Cash
548,92,19,1,9729.97,2026-07-09,2026-07-25,0.08,0.1,Credit Card
549,78,35,7,5984.99,2025-08-21,2025-09-02,0.17,0.2,Bank Transfer
550,92,15,7,3920.82,2026-05-12,2026-05-19,0.18,0.17,Bank Transfer
551,65,24,1,6720.74,2025-11-06,2025-11-26,0.09,0.07,PayPal
552,14,40,4,4265.04,2026-04-29,2026-05-10,0.15,0.15,Cash
553,69,22,2,2448.99,2025-12-16,2026-01-12,0.06,0.08,PayPal
554,75,36,8,3211.2,2025-11-11,2025-12-01,0.15,0.11,Credit Card
555,86,13,5,2916.35,2025-12-24,2026-01-03,0.08,0.13,Bank Transfer
556,12,43,10,5385.2,2026-04-16,2026-04-16,0.14,0.15,PayPal
557,20,28,5,8072.18,2025-11-18,2025-12-11,0.08,0.1,Cash
558,22,26,3,3865.19,2026-05-17,2026-06-09,0.13,0.09,PayPal
559,29,5,2,9063.99,2026-02-12,2026-02-22,0.13,0.05,PayPal
560,25,16,8,2357.96,2026-06-24,2026-07-22,0.12,0.17,Credit Card
561,8,46,7,4562.84,2026-06-18,2026-06-27,0.1,0.2,Cash
562,13,11,9,2497.27,2026-06-16,2026-06-22,0.15,0.11,Bank Transfer
563,25,49,9,7661.42,2025-12-24,2026-01-21,0.18,0.13,Credit Card
564,78,7,9,5997.46,2025-09-03,2025-09-27,0.13,0.2,PayPal
565,89,6,8,3215.3,2025-12-21,2026-01-20,0.13,0.1,Cash
566,73,13,1,9331.97,2025-09-13,2025-09-20,0.08,0.09,Cash
567,22,36,8,1039.27,2025-08-03,2025-08-26,0.06,0.05,Bank Transfer
568,73,26,3,7881.75,2026-05-23,2026-06-15,0.2,0.07,PayPal
569,69,33,4,1793.83,2026-01-14,2026-01-14,0.14,0.13,Credit Card
570,77,34,2,3178.47,2025-12-30,2026-01-24,0.13,0.19,Cash
571,3,8,6,7703.86,2025-12-04,2025-12-23,0.2,0.09,PayPal
572,32,42,2,8386.5,2025-10-26,2025-11-22,0.13,0.05,Credit Card
573,87,2,3,3757.38,2026-06-21,2026-07-05,0.18,0.1,Credit Card
574,50,20,9,5090.95,2025-07-20,2025-07-20,0.16,0.06,Bank Transfer
575,16,14,7,8270.03,2025-11-05,2025-11-19,0.1,0.13,Credit Card
576,37,35,6,5300.44,2025-09-12,2025-10-07,0.15,0.09,Bank Transfer
577,20,34,10,8778.71,2026-05-09,2026-05-27,0.12,0.08,Bank Transfer
578,97,33,9,5388.67,2026-04-02,2026-04-10,0.18,0.16,Bank Transfer
579,74,13,5,1332.19,2025-12-25,2026-01-12,0.12,0.1,PayPal
580,16,44,10,9244.75,2026-07-10,2026-07-15,0.1,0.18,Bank Transfer
581,84,33,2,2424.63,2026-07-16,2026-07-23,0.18,0.06,Cash
582,64,8,5,4539.93,2026-03-04,2026-03-04,0.17,0.13,Credit Card
583,73,25,5,7863.37,2025-11-22,2025-11-29,0.07,0.06,Credit Card
584,33,28,2,4848.15,2025-10-06,2025-10-23,0.06,0.05,Bank Transfer
585,6,12,3,9449.66,2026-02-11,2026-03-10,0.18,0.13,PayPal
586,3,26,4,1300.65,2025-08-31,2025-09-11,0.17,0.11,Credit Card
587,32,1,8,3122.38,2025-10-14,2025-10-31,0.09,0.18,PayPal
588,64,6,8,3665.65,2026-02-03,2026-02-07,0.05,0.18,Credit Card
589,6,23,9,8645.63,2026-01-01,2026-01-17,0.07,0.19,PayPal
590,5,28,8,4222.73,2026-04-08,2026-05-04,0.05,0.11,PayPal
591,21,26,4,5356.08,2025-12-17,2026-01-12,0.13,0.15,PayPal
592,72,32,6,4777.04,2025-08-20,2025-09-03,0.1,0.19,Bank Transfer
593,93,32,10,6970.0,2025-09-02,2025-10-01,0.18,0.11,Cash
594,52,44,3,9396.21,2025-10-19,2025-11-11,0.16,0.11,Bank Transfer
595,82,17,5,1076.75,2026-04-04,2026-05-02,0.08,0.2,Bank Transfer
596,85,5,5,9513.99,2026-02-02,2026-02-12,0.07,0.18,Bank Transfer
597,34,15,2,4147.93,2026-01-28,2026-01-29,0.17,0.08,Credit Card
598,14,18,4,9067.3,2025-11-11,2025-12-08,0.16,0.11,PayPal
599,65,38,2,2580.51,2026-07-17,2026-07-26,0.06,0.11,PayPal
600,56,21,6,6278.61,2026-02-21,2026-03-19,0.11,0.08,Cash
601,23,17,1,8781.07,2026-06-25,2026-07-07,0.15,0.1,Cash
602,100,41,2,6275.62,2026-04-28,2026-05-23,0.06,0.13,PayPal
603,54,11,9,8621.89,2025-11-23,2025-12-04,0.19,0.06,Bank Transfer
604,78,11,8,5534.36,2026-03-28,2026-04-04,0.07,0.19,Cash
605,13,12,2,2810.54,2025-10-09,2025-10-25,0.15,0.12,Bank Transfer
606,58,8,7,5392.97,2025-08-14,2025-09-10,0.06,0.14,Bank Transfer
607,100,3,10,3971.33,2025-09-18,2025-10-06,0.07,0.09,PayPal
608,46,37,1,1727.73,2026-05-20,2026-06-01,0.15,0.08,Credit Card
609,29,11,8,7799.22,2025-12-30,2025-12-31,0.08,0.1,PayPal
610,56,28,5,8529.03,2025-08-06,2025-08-22,0.17,0.06,Cash
611,32,30,9,9906.7,2026-06-14,2026-06-22,0.12,0.16,Credit Card
612,75,26,6,3094.87,2025-08-23,2025-09-14,0.2,0.14,Cash
613,17,27,4,6599.35,2025-09-26,2025-10-15,0.09,0.09,Bank Transfer
614,35,48,6,2531.29,2026-02-16,2026-03-14,0.18,0.11,Bank Transfer
615,47,14,5,8109.99,2025-08-18,2025-08-27,0.15,0.11,Bank Transfer
616,40,36,5,4715.97,2025-11-23,2025-12-09,0.18,0.18,Credit Card
617,18,47,7,6084.1,2025-09-14,2025-10-04,0.11,0.07,PayPal
618,94,32,3,4836.05,2025-07-20,2025-08-15,0.08,0.05,Cash
619,5,34,4,4306.1,2026-04-14,2026-04-30,0.14,0.14,Cash
620,19,3,2,1658.89,2026-06-15,2026-06-27,0.2,0.08,Bank Transfer
621,43,20,9,9236.32,2025-12-10,2025-12-23,0.09,0.1,Credit Card
622,73,36,4,9712.29,2026-03-24,2026-04-15,0.12,0.09,PayPal
623,18,5,10,7222.04,2025-08-10,2025-09-03,0.19,0.16,Bank Transfer
624,13,34,2,2634.17,2026-03-20,2026-03-31,0.16,0.08,Bank Transfer
625,2,47,10,5862.34,2025-08-07,2025-08-13,0.1,0.12,Credit Card
626,40,34,8,9037.07,2026-01-04,2026-01-05,0.05,0.16,PayPal
627,20,5,10,3220.28,2026-01-13,2026-01-28,0.13,0.12,Bank Transfer
628,78,27,5,8152.85,2026-06-30,2026-07-19,0.09,0.09,Cash
629,20,23,1,4970.51,2026-04-16,2026-04-21,0.08,0.07,Bank Transfer
630,62,1,5,9539.18,2025-07-27,2025-07-30,0.16,0.19,Cash
631,43,44,7,1844.03,2025-09-09,2025-09-09,0.13,0.16,Bank Transfer
632,35,21,4,2074.36,2026-06-20,2026-06-20,0.07,0.15,Cash
633,5,14,6,7034.66,2026-07-15,2026-07-16,0.11,0.07,Credit Card
634,73,49,2,7293.02,2025-09-12,2025-09-26,0.18,0.17,Bank Transfer
635,5,18,1,8699.97,2025-10-17,2025-10-24,0.12,0.14,Cash
636,58,15,7,1158.18,2025-08-30,2025-09-17,0.12,0.17,Credit Card
637,60,40,4,6228.35,2025-11-09,2025-11-30,0.12,0.06,PayPal
638,80,35,7,6445.54,2025-11-13,2025-12-03,0.15,0.07,Cash
639,4,29,4,7269.44,2026-01-21,2026-01-22,0.13,0.06,Credit Card
640,60,37,9,2826.06,2026-02-23,2026-03-14,0.06,0.06,PayPal
641,52,48,8,7318.05,2025-08-05,2025-08-26,0.17,0.16,Bank Transfer
642,70,44,6,3255.91,2026-03-15,2026-03-28,0.09,0.11,Bank Transfer
643,93,34,6,8540.95,2025-11-28,2025-12-24,0.13,0.17,Credit Card
644,100,16,9,8737.66,2026-07-12,2026-08-10,0.12,0.18,Cash
645,27,20,8,2792.15,2026-05-14,2026-06-03,0.19,0.15,Credit Card
646,65,10,4,1369.34,2025-11-09,2025-12-04,0.09,0.08,Bank Transfer
647,35,49,10,9729.14,2025-09-19,2025-10-14,0.06,0.17,PayPal
648,11,24,8,9912.36,2026-04-30,2026-05-04,0.19,0.16,Cash
649,27,20,2,5060.65,2026-07-13,2026-08-11,0.16,0.16,Credit Card
650,45,43,8,2776.66,2025-11-02,2025-11-29,0.11,0.08,Cash
651,50,22,7,4122.57,2026-04-15,2026-05-11,0.09,0.16,Bank Transfer
652,96,37,8,5257.68,2026-06-07,2026-06-07,0.12,0.18,Bank Transfer
653,90,1,6,2391.65,2025-11-20,2025-12-12,0.12,0.15,Bank Transfer
654,36,6,7,5501.14,2026-02-16,2026-02-28,0.19,0.16,Cash
655,26,37,5,5756.63,2026-06-04,2026-06-06,0.2,0.16,Cash
656,78,43,7,1259.51,2025-11-17,2025-12-10,0.11,0.17,Bank Transfer
657,54,3,6,8853.05,2026-07-09,2026-07-30,0.16,0.19,Cash
658,52,44,10,7061.77,2026-04-06,2026-04-26,0.12,0.18,Bank Transfer
659,65,6,9,3352.95,2026-04-27,2026-05-23,0.14,0.18,Credit Card
660,99,49,5,9777.09,2025-09-13,2025-09-13,0.09,0.16,Bank Transfer
661,8,24,10,3304.11,2025-08-10,2025-08-29,0.08,0.19,PayPal
662,2,28,6,2122.93,2026-02-27,2026-03-23,0.09,0.13,Cash
663,95,4,1,6329.16,2026-01-24,2026-01-27,0.13,0.05,PayPal
664,22,12,1,4231.62,2026-05-31,2026-06-23,0.11,0.1,PayPal
665,47,7,3,1783.86,2025-12-02,2025-12-27,0.09,0.14,Cash
666,34,15,2,4376.48,2025-08-28,2025-09-03,0.07,0.13,Cash
667,28,32,4,8819.9,2025-12-18,2025-12-31,0.07,0.2,Cash
668,64,13,6,4129.46,2026-01-08,2026-02-02,0.1,0.13,Bank Transfer
669,24,7,8,2310.14,2025-10-14,2025-10-27,0.17,0.12,Credit Card
670,59,13,8,4665.1,2026-03-25,2026-04-07,0.14,0.14,Credit Card
671,1,41,10,7494.19,2025-09-19,2025-10-17,0.14,0.13,Credit Card
672,14,19,3,5182.2,2025-09-04,2025-09-19,0.13,0.18,Cash
673,29,31,3,1071.85,2025-10-05,2025-10-05,0.12,0.13,PayPal
674,31,41,3,4394.58,2026-07-13,2026-08-07,0.19,0.16,Cash
675,26,28,2,9489.34,2025-08-07,2025-09-05,0.18,0.15,Credit Card
676,83,40,5,8499.34,2026-03-10,2026-03-28,0.07,0.12,Credit Card
677,86,22,9,1770.11,2026-05-23,2026-06-02,0.1,0.12,Credit Card
678,5,11,2,3842.53,2025-08-23,2025-09-09,0.06,0.07,Bank Transfer
679,68,11,9,5447.76,2025-11-14,2025-11-16,0.1,0.12,Bank Transfer
680,94,5,4,4498.71,2026-01-29,2026-02-18,0.2,0.07,PayPal
681,88,34,2,3861.74,2026-01-24,2026-01-27,0.06,0.17,Bank Transfer
682,3,40,1,3851.98,2025-11-01,2025-11-07,0.1,0.12,PayPal
683,4,32,7,9610.77,2025-12-05,2026-01-04,0.2,0.09,PayPal
684,93,25,4,2225.36,2026-03-21,2026-04-14,0.08,0.14,PayPal
685,47,48,1,6723.0,2026-04-23,2026-05-10,0.19,0.15,Cash
686,24,35,3,1411.23,2025-12-26,2026-01-05,0.19,0.14,Bank Transfer
687,65,32,6,3606.1,2025-12-01,2025-12-10,0.2,0.15,Credit Card
688,98,43,7,5907.82,2026-04-28,2026-05-07,0.05,0.17,Credit Card
689,2,12,8,9596.03,2025-12-04,2026-01-01,0.12,0.15,Cash
690,15,45,2,7839.36,2025-11-29,2025-12-16,0.05,0.14,Credit Card
691,39,21,4,5153.75,2025-09-19,2025-09-22,0.09,0.07,Bank Transfer
692,61,23,3,4633.01,2025-08-26,2025-09-17,0.14,0.13,Cash
693,28,39,8,7398.46,2025-12-10,2025-12-16,0.13,0.15,PayPal
694,14,42,3,1329.1,2026-03-01,2026-03-20,0.1,0.15,PayPal
695,70,35,6,8520.57,2026-05-14,2026-06-10,0.17,0.18,Credit Card
696,43,7,6,5159.68,2025-09-09,2025-09-27,0.17,0.12,Credit Card
697,2,19,5,3194.95,2026-04-23,2026-05-22,0.16,0.19,Cash
698,49,13,6,3598.91,2026-05-02,2026-05-21,0.17,0.14,Bank Transfer
699,20,1,6,3928.04,2025-12-09,2025-12-19,0.07,0.18,PayPal
700,47,2,10,8622.28,2026-05-04,2026-05-15,0.18,0.05,Cash
701,18,26,1,6113.4,2026-06-06,2026-06-14,0.14,0.12,Cash
702,50,41,8,5670.05,2026-06-18,2026-07-14,0.06,0.19,Cash
703,34,14,2,8929.68,2026-04-11,2026-05-01,0.12,0.06,Credit Card
704,40,39,9,5152.42,2026-01-27,2026-01-30,0.09,0.19,Cash
705,17,12,10,6903.77,2025-11-21,2025-11-26,0.12,0.17,Cash
706,37,8,6,5357.32,2025-09-23,2025-10-05,0.13,0.17,Credit Card
707,25,9,5,8465.74,2026-06-11,2026-06-15,0.17,0.19,Bank Transfer
708,98,31,5,1233.53,2025-08-29,2025-09-28,0.13,0.15,Credit Card
709,61,50,3,6571.83,2026-01-08,2026-02-02,0.11,0.18,PayPal
710,35,38,1,6741.69,2026-03-08,2026-03-14,0.07,0.14,Credit Card
711,84,23,10,2152.21,2025-12-22,2026-01-07,0.08,0.14,Bank Transfer
712,79,4,5,1283.46,2026-02-08,2026-03-10,0.18,0.08,PayPal
713,72,49,3,4446.13,2026-04-23,2026-05-07,0.11,0.1,PayPal
714,10,40,5,9292.43,2026-04-28,2026-05-01,0.19,0.17,Credit Card
715,68,1,7,1778.48,2025-11-01,2025-11-22,0.05,0.17,Cash
716,55,33,10,8484.78,2026-05-25,2026-06-13,0.07,0.16,Cash
717,24,8,1,7967.94,2025-11-23,2025-12-02,0.1,0.13,Cash
718,89,26,8,6683.49,2026-01-03,2026-01-05,0.05,0.1,Bank Transfer
719,43,12,2,1014.73,2026-03-03,2026-03-13,0.07,0.07,Cash
720,18,3,4,3811.62,2026-03-21,2026-04-03,0.07,0.06,PayPal
721,62,15,8,1776.87,2025-07-22,2025-08-03,0.13,0.14,Bank Transfer
722,47,41,6,1872.24,2026-05-25,2026-06-07,0.18,0.08,PayPal
723,37,5,5,2690.39,2025-12-19,2026-01-13,0.12,0.07,Cash
724,44,13,10,1346.11,2025-09-20,2025-09-25,0.06,0.19,Cash
725,39,43,4,9936.71,2025-07-26,2025-08-22,0.12,0.16,Cash
726,20,2,2,1878.96,2026-06-05,2026-06-30,0.08,0.1,Bank Transfer
727,8,41,2,7208.07,2026-04-13,2026-05-05,0.09,0.15,Cash
728,41,46,5,5749.65,2026-01-14,2026-02-06,0.11,0.08,Cash
729,70,28,4,2775.04,2026-06-04,2026-07-03,0.17,0.14,Credit Card
730,32,9,8,4812.2,2026-02-10,2026-02-13,0.19,0.1,Cash
731,49,13,4,5408.39,2026-01-28,2026-02-11,0.09,0.15,Bank Transfer
732,80,33,6,5565.11,2026-03-24,2026-03-29,0.06,0.11,Bank Transfer
733,1,44,6,9376.23,2025-07-28,2025-08-21,0.11,0.13,Credit Card
734,25,45,4,9983.13,2025-10-28,2025-11-24,0.17,0.16,Credit Card
735,59,43,10,1335.29,2026-07-04,2026-07-09,0.09,0.11,Bank Transfer
736,39,31,2,3192.03,2026-07-10,2026-07-16,0.15,0.09,PayPal
737,49,39,2,8520.58,2025-10-18,2025-11-13,0.08,0.14,PayPal
738,73,17,4,1894.34,2026-06-28,2026-07-20,0.11,0.14,PayPal
739,11,47,8,2057.06,2026-05-21,2026-05-26,0.18,0.19,PayPal
740,45,49,9,2753.07,2025-10-23,2025-11-04,0.07,0.13,PayPal
741,20,3,10,2814.8,2026-06-11,2026-06-28,0.17,0.16,Cash
742,33,47,8,4283.34,2026-01-14,2026-02-03,0.17,0.17,Cash
743,20,24,9,1262.07,2026-05-29,2026-06-13,0.13,0.14,Credit Card
744,33,7,8,3918.43,2025-09-25,2025-10-17,0.12,0.12,PayPal
745,51,45,6,5725.72,2026-01-20,2026-01-28,0.05,0.18,Credit Card
746,33,9,1,2857.4,2026-04-11,2026-05-04,0.11,0.15,Credit Card
747,21,4,5,1371.08,2026-06-26,2026-07-14,0.07,0.15,PayPal
748,93,20,5,4789.93,2026-03-19,2026-04-04,0.12,0.07,Bank Transfer
749,83,33,1,2086.5,2026-07-10,2026-07-20,0.18,0.19,Bank Transfer
750,23,33,2,4748.12,2025-11-09,2025-12-03,0.19,0.09,Bank Transfer
751,20,46,3,1068.15,2025-11-18,2025-12-01,0.11,0.15,Credit Card
752,45,16,5,7754.74,2026-02-22,2026-03-21,0.14,0.05,Credit Card
753,8,46,10,9875.17,2026-03-23,2026-03-28,0.2,0.06,PayPal
754,4,40,1,9042.82,2026-06-04,2026-06-20,0.17,0.2,PayPal
755,67,46,1,2116.56,2025-12-11,2026-01-05,0.16,0.09,Bank Transfer
756,93,8,3,6172.53,2026-03-22,2026-04-15,0.09,0.18,Cash
757,49,19,8,7653.98,2025-11-29,2025-12-06,0.08,0.13,Bank Transfer
758,20,12,1,7387.02,2026-07-14,2026-07-20,0.16,0.09,Cash
759,4,35,6,1375.58,2026-04-03,2026-04-22,0.1,0.09,Cash
760,53,29,8,7099.88,2026-05-19,2026-05-24,0.11,0.12,Credit Card
761,16,24,3,1634.99,2026-01-10,2026-01-23,0.19,0.11,PayPal
762,97,4,6,1035.37,2025-10-14,2025-11-07,0.12,0.12,PayPal
763,35,7,1,6154.57,2026-03-08,2026-03-25,0.16,0.09,PayPal
764,54,32,10,8039.49,2026-04-27,2026-05-15,0.06,0.19,Cash
765,69,46,4,2813.78,2025-12-03,2025-12-23,0.15,0.2,PayPal
766,84,39,3,8357.55,2025-11-13,2025-11-20,0.1,0.15,PayPal
767,36,47,5,9164.12,2026-04-15,2026-04-22,0.08,0.17,Cash
768,27,48,2,9931.37,2025-12-12,2026-01-09,0.12,0.16,Cash
769,13,18,1,9788.34,2026-02-19,2026-03-19,0.06,0.12,Credit Card
770,1,34,2,6698.03,2026-03-28,2026-04-09,0.09,0.05,Credit Card
771,52,38,8,2254.32,2026-03-22,2026-03-22,0.18,0.16,Bank Transfer
772,42,2,9,1436.79,2026-07-13,2026-07-25,0.19,0.15,Cash
773,89,7,2,5346.97,2026-04-17,2026-05-10,0.16,0.05,Bank Transfer
774,60,47,8,5025.57,2025-08-22,2025-08-27,0.07,0.15,PayPal
775,89,46,5,4258.22,2025-11-25,2025-12-09,0.11,0.12,Credit Card
776,98,18,1,6664.39,2025-12-18,2025-12-24,0.06,0.07,Bank Transfer
777,93,44,6,5398.57,2026-01-03,2026-01-14,0.19,0.1,Cash
778,20,6,4,5782.49,2026-03-29,2026-04-19,0.16,0.12,Cash
779,54,5,1,8134.57,2026-02-20,2026-03-14,0.13,0.12,PayPal
780,3,12,1,4572.97,2025-07-29,2025-08-21,0.17,0.19,Bank Transfer
781,85,22,7,4514.91,2026-02-27,2026-03-15,0.09,0.19,Cash
782,5,17,5,3051.38,2025-08-12,2025-09-05,0.18,0.12,Bank Transfer
783,32,27,4,8840.87,2025-08-25,2025-08-26,0.07,0.1,Credit Card
784,45,24,6,6535.85,2026-06-16,2026-07-07,0.09,0.16,Credit Card
785,24,9,1,2841.12,2026-06-10,2026-06-10,0.15,0.07,Credit Card
786,48,47,7,2734.16,2026-06-13,2026-06-29,0.06,0.2,PayPal
787,16,18,1,5559.2,2025-10-05,2025-10-23,0.18,0.09,PayPal
788,69,15,2,2350.92,2026-05-16,2026-05-17,0.13,0.1,Cash
789,15,30,1,3700.33,2026-03-08,2026-03-20,0.13,0.14,Bank Transfer
790,39,37,10,8053.27,2026-01-23,2026-01-31,0.08,0.13,PayPal
791,40,30,5,6337.88,2025-10-07,2025-10-25,0.18,0.1,Cash
792,7,31,3,6054.72,2025-08-27,2025-09-23,0.17,0.05,Credit Card
793,3,21,2,5241.85,2025-10-12,2025-10-31,0.2,0.19,Cash
794,10,38,2,1848.7,2025-08-13,2025-08-15,0.1,0.07,Credit Card
795,33,37,6,6565.42,2026-02-08,2026-02-19,0.08,0.17,Cash
796,12,12,5,9531.97,2025-12-16,2026-01-06,0.11,0.14,PayPal
797,72,46,3,1191.59,2026-01-20,2026-02-03,0.05,0.06,Bank Transfer
798,91,27,1,8557.25,2026-01-11,2026-01-22,0.2,0.16,PayPal
799,1,4,7,1071.52,2026-06-25,2026-07-24,0.09,0.07,Credit Card
800,30,8,9,9367.82,2025-07-22,2025-07-25,0.17,0.08,PayPal
801,10,39,1,3734.39,2026-01-26,2026-02-18,0.16,0.09,Bank Transfer
802,58,27,1,8401.25,2025-10-17,2025-10-26,0.1,0.06,Credit Card
803,92,45,6,8092.24,2026-07-17,2026-07-28,0.1,0.17,PayPal
804,83,4,10,1838.32,2025-10-27,2025-11-14,0.09,0.08,Bank Transfer
805,95,32,7,7670.46,2025-11-29,2025-12-23,0.11,0.11,PayPal
806,34,9,9,1581.14,2025-10-20,2025-11-05,0.06,0.17,PayPal
807,64,45,4,5570.38,2026-04-05,2026-04-30,0.12,0.1,Credit Card
808,44,33,2,6616.26,2025-07-27,2025-08-21,0.2,0.06,Bank Transfer
809,35,26,5,6065.07,2026-01-04,2026-01-22,0.11,0.06,Credit Card
810,92,3,9,7245.53,2026-06-13,2026-07-01,0.18,0.18,Bank Transfer
811,44,35,9,6514.86,2025-10-15,2025-10-30,0.18,0.13,PayPal
812,83,4,9,7573.08,2026-07-08,2026-07-25,0.08,0.19,PayPal
813,19,9,6,6433.4,2025-08-08,2025-08-29,0.2,0.15,PayPal
814,24,38,2,7422.42,2026-01-30,2026-02-04,0.15,0.06,Cash
815,26,37,8,4114.94,2026-05-03,2026-05-05,0.19,0.15,Bank Transfer
816,96,21,7,4832.0,2026-06-18,2026-06-24,0.13,0.17,Cash
817,97,38,2,7224.55,2026-01-03,2026-01-16,0.16,0.11,Credit Card
818,6,33,1,7981.81,2025-09-18,2025-09-21,0.07,0.12,Credit Card
819,43,7,2,8442.07,2026-05-16,2026-06-09,0.15,0.13,Bank Transfer
820,6,20,7,3725.65,2025-10-05,2025-10-13,0.05,0.14,Credit Card
821,66,33,9,1266.99,2026-06-13,2026-07-09,0.1,0.1,Bank Transfer
822,94,42,6,4561.7,2026-04-08,2026-05-07,0.09,0.07,Cash
823,53,34,6,3331.28,2025-11-27,2025-12-22,0.06,0.06,PayPal
824,4,33,1,5448.85,2026-05-25,2026-06-09,0.2,0.1,Credit Card
825,37,10,6,8109.4,2025-10-12,2025-10-26,0.1,0.15,PayPal
826,47,47,1,8990.27,2025-08-19,2025-08-31,0.12,0.1,Credit Card
827,83,42,1,9306.55,2025-08-21,2025-09-06,0.09,0.17,Credit Card
828,48,4,5,2560.94,2026-06-11,2026-07-02,0.05,0.15,Cash
829,34,26,6,3283.17,2026-04-14,2026-04-25,0.1,0.13,PayPal
830,85,19,4,8712.95,2026-06-04,2026-06-06,0.09,0.18,Cash
831,42,30,6,4832.99,2025-09-23,2025-10-04,0.19,0.16,Bank Transfer
832,24,31,10,3783.49,2025-10-24,2025-10-27,0.18,0.06,PayPal
833,49,5,5,8112.81,2025-11-29,2025-12-28,0.1,0.06,PayPal
834,94,20,1,3640.18,2026-04-21,2026-04-28,0.17,0.11,Credit Card
835,44,43,3,2847.64,2025-07-27,2025-08-21,0.12,0.16,Credit Card
836,15,16,5,4908.49,2026-06-22,2026-07-12,0.06,0.11,Bank Transfer
837,9,25,3,2174.07,2026-06-26,2026-07-12,0.13,0.11,Bank Transfer
838,67,37,8,9487.57,2026-06-25,2026-07-25,0.06,0.15,PayPal
839,21,6,5,6088.03,2026-05-21,2026-06-08,0.16,0.09,Cash
840,28,32,9,3465.38,2025-07-18,2025-07-24,0.11,0.14,Bank Transfer
841,16,34,5,4628.36,2026-05-14,2026-05-17,0.14,0.2,Bank Transfer
842,7,43,8,9507.77,2026-05-19,2026-05-23,0.08,0.18,Bank Transfer
843,64,31,7,1688.82,2025-07-20,2025-08-01,0.06,0.19,PayPal
844,29,5,7,3753.8,2025-10-02,2025-10-05,0.11,0.08,Cash
845,79,49,9,6440.96,2025-11-27,2025-11-27,0.08,0.05,Bank Transfer
846,88,45,6,2142.6,2025-12-18,2026-01-02,0.07,0.12,PayPal
847,28,13,10,1833.28,2025-12-13,2025-12-18,0.06,0.09,Cash
848,24,22,1,7867.52,2025-08-02,2025-08-24,0.18,0.15,Credit Card
849,35,28,9,5371.76,2026-02-26,2026-02-27,0.14,0.2,Bank Transfer
850,4,1,7,2965.58,2026-03-06,2026-03-26,0.11,0.11,Bank Transfer
851,38,15,7,3910.16,2025-10-02,2025-10-10,0.18,0.13,Bank Transfer
852,21,27,10,7592.27,2026-02-06,2026-02-07,0.17,0.09,PayPal
853,58,33,7,3702.67,2025-08-14,2025-08-29,0.06,0.12,Cash
854,71,10,2,6730.53,2025-08-05,2025-08-30,0.2,0.14,PayPal
855,55,38,4,2355.15,2025-11-29,2025-12-02,0.06,0.09,Bank Transfer
856,65,46,6,1622.17,2026-01-04,2026-01-25,0.15,0.12,PayPal
857,6,25,5,5742.65,2026-05-25,2026-06-20,0.18,0.18,PayPal
858,25,5,8,1608.83,2026-01-25,2026-01-29,0.12,0.13,PayPal
859,19,2,4,3643.43,2025-12-21,2026-01-14,0.17,0.1,Credit Card
860,46,16,4,1581.45,2025-11-18,2025-12-16,0.11,0.06,Bank Transfer
861,19,42,2,6841.88,2025-10-05,2025-10-25,0.12,0.09,Bank Transfer
862,52,10,4,5843.89,2026-02-11,2026-02-16,0.06,0.11,PayPal
863,45,45,3,3929.0,2025-12-31,2026-01-22,0.15,0.13,Bank Transfer
864,27,15,10,1172.67,2026-01-12,2026-01-31,0.13,0.17,Credit Card
865,45,14,2,5328.3,2025-11-01,2025-11-30,0.07,0.17,Cash
866,30,29,6,7802.38,2026-01-12,2026-01-28,0.07,0.19,Cash
867,61,23,9,8668.83,2026-05-21,2026-06-03,0.08,0.18,PayPal
868,27,24,8,3955.68,2025-10-23,2025-10-31,0.16,0.19,Cash
869,54,20,10,8679.84,2026-03-14,2026-04-04,0.11,0.05,Cash
870,42,43,8,1235.51,2025-12-28,2026-01-14,0.17,0.13,PayPal
871,40,27,4,6422.75,2026-06-20,2026-07-13,0.14,0.16,PayPal
872,3,27,1,8313.0,2026-05-02,2026-05-19,0.12,0.2,PayPal
873,82,26,3,5542.13,2025-09-06,2025-09-15,0.17,0.11,PayPal
874,49,45,3,4333.24,2025-11-18,2025-12-07,0.14,0.14,PayPal
875,34,49,6,3038.26,2025-09-03,2025-09-04,0.07,0.16,Bank Transfer
876,21,38,9,1917.71,2026-07-11,2026-07-14,0.05,0.11,Cash
877,34,13,6,8754.56,2026-04-03,2026-04-11,0.09,0.18,Cash
878,56,47,10,2046.56,2025-08-28,2025-09-13,0.08,0.06,Cash
879,59,12,7,2543.91,2026-04-02,2026-04-06,0.1,0.14,Cash
880,60,15,8,5842.92,2025-09-20,2025-10-14,0.17,0.05,Bank Transfer
881,6,44,7,8460.07,2026-04-06,2026-04-15,0.1,0.07,PayPal
882,72,8,3,8646.88,2026-04-28,2026-05-19,0.2,0.15,Cash
883,33,23,8,6000.15,2026-03-22,2026-04-13,0.13,0.07,PayPal
884,74,2,7,5133.16,2026-06-01,2026-06-24,0.15,0.1,PayPal
885,20,26,3,8705.83,2025-09-10,2025-09-25,0.09,0.08,Credit Card
886,25,32,4,8016.1,2025-10-13,2025-10-24,0.13,0.18,Cash
887,34,42,5,5058.24,2026-05-19,2026-06-05,0.18,0.08,Credit Card
888,20,33,1,8315.01,2025-12-27,2025-12-27,0.13,0.07,Bank Transfer
889,90,32,1,2317.08,2025-11-04,2025-12-01,0.19,0.15,Credit Card
890,75,38,10,3804.06,2026-03-06,2026-04-04,0.07,0.13,PayPal
891,71,12,7,7170.88,2025-09-08,2025-10-03,0.19,0.14,PayPal
892,83,8,10,2010.87,2026-05-19,2026-06-05,0.19,0.19,Credit Card
893,59,35,8,6515.62,2026-06-03,2026-06-03,0.09,0.05,Credit Card
894,84,13,7,1190.3,2025-10-16,2025-11-10,0.1,0.15,PayPal
895,54,48,8,3284.06,2026-04-11,2026-04-15,0.12,0.19,Bank Transfer
896,10,45,1,9346.1,2025-10-04,2025-10-08,0.11,0.11,Cash
897,88,9,5,5951.86,2025-07-26,2025-08-06,0.11,0.11,Bank Transfer
898,86,8,5,9293.09,2025-12-25,2026-01-03,0.15,0.1,Cash
899,77,5,6,8340.09,2025-08-21,2025-08-25,0.07,0.13,PayPal
900,70,22,4,5386.16,2026-03-22,2026-04-02,0.17,0.2,Bank Transfer
901,85,8,9,6122.23,2026-04-05,2026-04-19,0.15,0.08,Cash
902,17,31,8,4645.06,2026-07-10,2026-07-14,0.1,0.14,PayPal
903,96,28,5,8069.72,2026-03-22,2026-04-18,0.09,0.12,Cash
904,51,20,3,5029.26,2025-11-17,2025-12-07,0.15,0.19,Credit Card
905,43,43,10,2538.81,2026-04-13,2026-05-13,0.17,0.11,PayPal
906,97,14,8,1277.95,2026-01-28,2026-02-24,0.13,0.05,PayPal
907,27,16,8,7348.28,2026-04-18,2026-04-20,0.18,0.17,Credit Card
908,3,27,1,7825.44,2026-05-06,2026-06-05,0.16,0.06,Bank Transfer
909,24,18,10,6657.78,2025-09-01,2025-09-16,0.11,0.19,Credit Card
910,72,13,8,8273.67,2026-06-14,2026-06-16,0.16,0.13,Cash
911,53,16,3,8950.69,2026-04-14,2026-05-11,0.07,0.16,Credit Card
912,38,5,4,9786.78,2025-12-06,2026-01-03,0.15,0.11,Credit Card
913,79,18,6,6934.9,2026-01-26,2026-02-25,0.15,0.16,PayPal
914,25,3,5,7987.65,2026-02-13,2026-03-01,0.15,0.1,PayPal
915,83,35,7,1077.38,2026-01-14,2026-01-26,0.09,0.17,Cash
916,49,30,2,2210.99,2026-04-09,2026-04-25,0.17,0.11,Bank Transfer
917,37,6,7,4541.48,2025-12-12,2026-01-04,0.17,0.11,Credit Card
918,1,26,7,6718.66,2025-07-19,2025-08-10,0.19,0.17,Bank Transfer
919,65,42,9,1686.46,2025-12-30,2026-01-22,0.18,0.11,Credit Card
920,21,43,5,1730.7,2026-01-04,2026-02-01,0.1,0.18,Credit Card
921,69,22,9,1895.78,2026-01-02,2026-01-11,0.16,0.07,Cash
922,12,6,7,8271.05,2026-02-26,2026-03-22,0.17,0.2,Bank Transfer
923,93,40,9,4093.78,2026-04-14,2026-04-15,0.08,0.11,Cash
924,41,10,6,2622.55,2026-06-27,2026-07-24,0.14,0.18,Credit Card
925,77,41,6,1531.63,2026-05-02,2026-05-10,0.15,0.14,Credit Card
926,99,30,9,1372.05,2025-12-06,2025-12-16,0.2,0.1,PayPal
927,66,36,2,9701.02,2025-09-17,2025-10-04,0.05,0.06,Credit Card
928,15,33,2,9167.28,2026-06-15,2026-07-05,0.07,0.13,Cash
929,29,12,9,4305.21,2026-05-15,2026-06-12,0.18,0.13,PayPal
930,23,18,4,5850.94,2026-05-09,2026-05-12,0.18,0.17,Cash
931,92,4,4,1081.79,2025-10-30,2025-11-03,0.14,0.16,Credit Card
932,75,14,6,3886.18,2025-09-01,2025-09-29,0.06,0.15,PayPal
933,37,17,8,7927.23,2026-01-04,2026-01-04,0.12,0.12,Cash
934,66,21,8,3252.76,2026-02-17,2026-03-01,0.11,0.1,Credit Card
935,94,2,1,9157.99,2026-04-15,2026-04-16,0.09,0.19,Bank Transfer
936,94,43,10,1316.97,2025-09-26,2025-10-15,0.05,0.09,Cash
937,98,28,9,3851.49,2026-05-10,2026-06-09,0.06,0.11,Cash
938,16,48,2,6264.92,2025-08-15,2025-09-01,0.15,0.12,Bank Transfer
939,66,2,3,6313.99,2025-11-29,2025-12-25,0.14,0.16,PayPal
940,14,39,7,2103.77,2026-04-10,2026-05-09,0.06,0.12,Bank Transfer
941,72,18,5,3184.8,2025-09-28,2025-10-25,0.11,0.1,Bank Transfer
942,65,18,10,2635.85,2026-02-26,2026-03-05,0.08,0.19,PayPal
943,63,20,2,2662.71,2025-10-24,2025-10-26,0.19,0.11,PayPal
944,26,29,5,2614.37,2025-11-25,2025-12-16,0.2,0.18,Bank Transfer
945,82,36,8,7080.18,2025-08-12,2025-09-01,0.12,0.15,PayPal
946,43,35,7,2213.04,2025-09-15,2025-10-04,0.08,0.14,Cash
947,66,44,8,4482.15,2025-08-26,2025-08-29,0.12,0.17,Bank Transfer
948,11,8,1,9510.94,2025-08-18,2025-09-17,0.07,0.06,Credit Card
949,12,21,2,4724.14,2026-03-27,2026-04-25,0.15,0.09,Cash
950,5,41,7,4015.46,2025-12-31,2026-01-05,0.14,0.08,Cash
951,5,24,1,2983.54,2026-01-25,2026-02-10,0.08,0.2,Bank Transfer
952,69,41,9,3534.5,2026-06-04,2026-06-07,0.17,0.17,Bank Transfer
953,77,11,4,5645.56,2026-02-01,2026-02-03,0.1,0.09,Credit Card
954,41,21,6,1382.3,2026-04-27,2026-05-15,0.13,0.14,Cash
955,99,11,9,1942.64,2025-08-27,2025-09-06,0.18,0.14,Bank Transfer
956,15,19,9,5268.43,2026-01-21,2026-02-13,0.14,0.07,PayPal
957,79,11,3,8294.48,2026-05-13,2026-06-01,0.19,0.05,Credit Card
958,80,24,4,4768.63,2026-01-25,2026-02-23,0.08,0.08,Credit Card
959,58,42,2,5330.61,2025-11-13,2025-11-24,0.15,0.12,Credit Card
960,34,3,6,9941.41,2025-11-28,2025-12-23,0.06,0.06,Cash
961,18,17,2,1915.55,2026-02-13,2026-03-03,0.19,0.17,Bank Transfer
962,51,12,6,6577.54,2025-12-26,2025-12-29,0.18,0.16,Credit Card
963,51,22,10,8657.43,2026-05-08,2026-05-21,0.17,0.17,Credit Card
964,78,38,9,9355.94,2026-04-01,2026-04-22,0.15,0.19,Cash
965,98,46,7,2187.87,2026-06-13,2026-06-19,0.16,0.09,PayPal
966,53,38,5,6254.18,2025-11-17,2025-11-19,0.06,0.18,Cash
967,25,32,5,5837.55,2025-10-04,2025-11-02,0.12,0.18,Credit Card
968,65,43,8,2206.79,2025-08-03,2025-08-19,0.16,0.08,Bank Transfer
969,16,39,4,1967.49,2025-10-07,2025-10-18,0.19,0.05,PayPal
970,27,44,7,4329.73,2025-11-24,2025-12-07,0.18,0.12,Credit Card
971,19,15,9,7618.63,2025-09-21,2025-10-20,0.09,0.16,Credit Card
972,52,16,10,7046.35,2025-09-09,2025-10-06,0.18,0.12,Cash
973,21,5,5,6259.43,2026-01-23,2026-02-18,0.1,0.11,Cash
974,62,26,3,3161.52,2026-04-13,2026-05-01,0.2,0.2,Cash
975,99,8,8,5941.91,2026-03-10,2026-03-24,0.07,0.17,Credit Card
976,74,29,7,2351.87,2026-06-17,2026-07-10,0.06,0.12,Credit Card
977,35,3,1,2521.1,2026-04-28,2026-04-29,0.13,0.13,Bank Transfer
978,87,4,6,9228.24,2026-01-28,2026-01-28,0.16,0.12,PayPal
979,58,20,2,4289.36,2025-11-22,2025-11-24,0.15,0.14,Cash
980,58,42,2,1934.43,2026-05-03,2026-05-04,0.08,0.17,Bank Transfer
981,14,32,9,2445.54,2026-07-14,2026-07-18,0.2,0.13,Cash
982,93,6,5,6219.62,2025-11-03,2025-12-03,0.06,0.06,Bank Transfer
983,98,20,10,3206.23,2026-07-11,2026-07-11,0.1,0.12,PayPal
984,22,27,5,3217.72,2026-02-07,2026-03-01,0.09,0.06,PayPal
985,81,36,1,8290.53,2025-12-22,2025-12-29,0.15,0.13,Bank Transfer
986,9,47,5,9912.21,2026-01-29,2026-01-29,0.18,0.05,Bank Transfer
987,45,48,8,6534.09,2026-04-29,2026-05-28,0.18,0.07,Cash
988,47,1,9,1825.12,2026-06-20,2026-06-24,0.16,0.15,Bank Transfer
989,43,9,8,4684.47,2026-03-08,2026-04-04,0.06,0.1,PayPal
990,50,23,2,5302.49,2025-11-11,2025-12-03,0.06,0.09,PayPal
991,99,39,8,7211.29,2026-02-05,2026-02-27,0.11,0.19,Cash
992,71,36,9,5628.94,2025-10-25,2025-11-21,0.17,0.1,Cash
993,23,9,10,5469.0,2026-06-17,2026-07-01,0.18,0.12,Credit Card
994,66,2,5,6241.79,2025-09-24,2025-10-04,0.17,0.15,Bank Transfer
995,88,35,9,6541.09,2025-11-01,2025-11-08,0.1,0.08,PayPal
996,16,6,2,1070.5,2025-09-21,2025-10-13,0.12,0.12,Credit Card
997,53,8,6,2060.38,2026-06-21,2026-07-04,0.17,0.15,Cash
998,4,7,7,7272.74,2025-07-25,2025-08-16,0.12,0.06,Bank Transfer
999,37,18,4,2529.46,2026-06-02,2026-06-13,0.16,0.14,Cash
1000,7,39,3,7548.04,2026-07-13,2026-08-10,0.15,0.1,Cash
1001,3,44,2,4102.78,2026-04-28,2026-05-23,0.16,0.08,Bank Transfer
1002,56,43,10,5104.44,2026-04-30,2026-05-30,0.13,0.15,Bank Transfer
1003,18,10,2,7990.66,2025-11-20,2025-11-30,0.1,0.2,PayPal
1004,87,44,2,9418.49,2026-01-20,2026-02-12,0.16,0.06,Cash
1005,76,13,1,2661.2,2026-06-28,2026-07-10,0.17,0.17,Bank Transfer
1006,14,35,9,1595.23,2026-02-21,2026-02-24,0.15,0.09,PayPal
1007,51,15,7,8437.09,2025-11-11,2025-12-02,0.12,0.12,Credit Card
1008,73,30,1,4962.43,2026-02-07,2026-02-24,0.17,0.05,Bank Transfer
1009,15,50,7,9275.33,2025-11-01,2025-11-02,0.12,0.2,Credit Card
1010,16,20,2,3409.19,2026-02-09,2026-02-27,0.18,0.1,Credit Card
1011,34,9,2,4048.12,2025-09-11,2025-10-07,0.08,0.06,Bank Transfer
1012,3,17,2,3596.26,2026-03-13,2026-04-07,0.1,0.17,Bank Transfer
1013,8,17,1,3400.32,2025-08-24,2025-09-16,0.15,0.08,PayPal
1014,23,31,1,6430.5,2026-06-01,2026-06-13,0.11,0.09,PayPal
1015,69,39,10,4596.89,2025-08-09,2025-09-01,0.17,0.18,Cash
1016,17,14,1,2081.01,2026-05-06,2026-05-18,0.16,0.16,Bank Transfer
1017,23,7,3,1530.31,2026-05-01,2026-05-26,0.09,0.1,Cash
1018,78,3,10,7255.11,2025-12-30,2026-01-27,0.14,0.12,Bank Transfer
1019,72,30,6,6586.11,2025-12-22,2026-01-11,0.17,0.07,Credit Card
1020,51,28,10,9328.93,2026-07-11,2026-07-24,0.14,0.2,Credit Card
1021,22,1,3,3476.11,2025-08-03,2025-08-26,0.06,0.16,Cash
1022,70,11,5,6886.76,2025-10-25,2025-11-16,0.09,0.14,PayPal
1023,15,31,7,7417.94,2025-11-28,2025-12-13,0.08,0.15,Credit Card
1024,90,13,7,9313.94,2025-12-20,2025-12-22,0.11,0.1,Cash
1025,57,2,2,6682.18,2025-07-27,2025-08-25,0.09,0.05,Cash
1026,97,25,6,4927.33,2026-05-09,2026-06-08,0.15,0.17,Bank Transfer
1027,61,27,4,3845.54,2026-04-19,2026-04-23,0.13,0.19,PayPal
1028,45,10,4,7672.4,2025-10-15,2025-10-28,0.11,0.19,Bank Transfer
1029,27,15,1,7959.62,2026-03-20,2026-03-25,0.19,0.18,Credit Card
1030,93,33,1,8754.0,2025-09-01,2025-09-30,0.12,0.05,Credit Card
1031,69,33,3,8234.51,2026-05-29,2026-06-23,0.16,0.18,Bank Transfer
1032,97,28,9,2693.85,2025-09-06,2025-10-06,0.16,0.17,Credit Card
1033,87,16,8,4043.45,2026-04-17,2026-05-04,0.17,0.11,Cash
1034,3,23,6,3650.81,2026-02-03,2026-02-17,0.1,0.08,Cash
1035,90,29,5,7553.49,2025-08-05,2025-08-13,0.19,0.17,Bank Transfer
1036,21,18,9,8521.93,2025-08-31,2025-09-27,0.14,0.09,Bank Transfer
1037,31,4,5,6487.34,2025-07-19,2025-07-31,0.12,0.08,Bank Transfer
1038,33,4,3,9392.35,2026-05-25,2026-06-24,0.19,0.06,Cash
1039,34,47,6,6200.1,2026-07-07,2026-08-04,0.14,0.09,Credit Card
1040,52,12,1,9793.35,2025-09-17,2025-09-20,0.05,0.14,Cash
1041,23,38,2,4965.01,2025-09-13,2025-10-02,0.07,0.15,Cash
1042,59,36,10,4342.73,2025-08-15,2025-08-28,0.19,0.14,Bank Transfer
1043,55,11,3,3718.14,2025-11-10,2025-11-20,0.16,0.12,Credit Card
1044,33,40,2,9024.59,2026-02-11,2026-02-17,0.17,0.09,PayPal
1045,62,27,5,4538.71,2025-12-23,2026-01-22,0.09,0.17,Credit Card
1046,82,7,9,4906.9,2025-08-16,2025-08-16,0.17,0.19,Cash
1047,44,41,9,1054.65,2025-08-23,2025-08-27,0.11,0.15,Bank Transfer
1048,17,39,9,6130.29,2025-11-25,2025-11-28,0.09,0.12,Bank Transfer
1049,79,12,5,6783.93,2025-08-14,2025-08-14,0.17,0.16,PayPal
1050,29,46,5,9789.77,2025-10-24,2025-10-25,0.08,0.15,Credit Card
1051,59,27,1,5663.52,2026-05-05,2026-05-22,0.17,0.19,Cash
1052,52,27,6,3016.06,2026-03-28,2026-04-13,0.08,0.13,Bank Transfer
1053,5,18,9,2020.49,2026-01-05,2026-01-29,0.08,0.16,Cash
1054,40,36,4,3702.19,2025-09-01,2025-10-01,0.18,0.13,Credit Card
1055,26,14,10,4333.69,2025-09-22,2025-09-22,0.14,0.14,Credit Card
1056,67,25,7,7858.57,2026-07-09,2026-08-08,0.07,0.06,Cash
1057,11,17,9,4606.75,2026-07-10,2026-07-12,0.11,0.13,Credit Card
1058,95,15,10,4365.43,2026-05-09,2026-05-21,0.16,0.12,PayPal
1059,69,39,6,1097.45,2026-05-19,2026-05-30,0.09,0.18,Bank Transfer
1060,29,33,10,5657.22,2026-01-01,2026-01-23,0.07,0.1,PayPal
1061,18,47,9,8876.41,2026-06-09,2026-06-28,0.16,0.16,Credit Card
1062,90,28,2,1397.87,2025-08-19,2025-09-16,0.18,0.1,PayPal
1063,3,34,7,2605.85,2025-12-08,2025-12-25,0.11,0.17,PayPal
1064,70,48,4,3391.71,2026-01-28,2026-02-11,0.17,0.19,Credit Card
1065,40,43,6,5640.48,2025-10-19,2025-11-17,0.12,0.09,Credit Card
1066,3,15,5,3595.16,2026-06-20,2026-06-30,0.08,0.08,Credit Card
1067,79,1,4,7503.35,2025-10-11,2025-10-16,0.07,0.16,Credit Card
1068,80,30,1,6702.46,2025-08-10,2025-08-31,0.18,0.12,PayPal
1069,40,11,7,9568.68,2025-10-30,2025-11-23,0.19,0.06,PayPal
1070,32,46,3,1428.03,2026-07-07,2026-07-31,0.09,0.09,Cash
1071,29,50,2,4830.89,2026-03-29,2026-04-20,0.07,0.16,PayPal
1072,85,14,9,6854.55,2026-06-22,2026-06-25,0.14,0.09,PayPal
1073,93,30,7,4441.7,2026-01-04,2026-01-18,0.08,0.16,Cash
1074,90,5,10,2312.86,2025-08-10,2025-08-12,0.18,0.16,Credit Card
1075,4,47,3,8052.8,2026-02-01,2026-02-06,0.09,0.2,Bank Transfer
1076,14,48,1,5338.95,2026-05-02,2026-05-10,0.07,0.15,Credit Card
1077,59,26,7,8449.15,2026-02-02,2026-02-16,0.13,0.19,Bank Transfer
1078,31,1,5,2458.04,2025-10-22,2025-11-02,0.19,0.2,Credit Card
1079,3,20,10,1882.32,2025-09-24,2025-10-03,0.12,0.15,Credit Card
1080,91,13,10,5189.72,2026-03-09,2026-03-15,0.15,0.16,PayPal
1081,38,17,1,9087.5,2025-10-15,2025-11-08,0.16,0.13,Bank Transfer
1082,86,23,2,3391.17,2026-02-13,2026-03-02,0.07,0.16,Cash
1083,86,13,2,4151.23,2026-01-15,2026-02-11,0.15,0.16,Cash
1084,1,11,3,5236.14,2025-11-11,2025-11-19,0.17,0.17,Cash
1085,7,7,10,6088.03,2025-12-28,2026-01-22,0.18,0.06,Credit Card
1086,31,25,2,2260.64,2026-04-29,2026-04-29,0.05,0.12,Cash
1087,34,20,7,1837.29,2025-11-14,2025-11-16,0.09,0.08,Bank Transfer
1088,60,32,9,6210.86,2026-03-09,2026-04-08,0.06,0.12,Credit Card
1089,26,24,5,8975.68,2025-08-30,2025-09-19,0.08,0.14,Cash
1090,72,48,4,2178.55,2025-10-25,2025-11-10,0.1,0.15,Bank Transfer
1091,46,41,6,1172.45,2026-04-14,2026-04-30,0.17,0.16,Bank Transfer
1092,1,11,10,7305.55,2026-02-04,2026-03-05,0.11,0.06,Cash
1093,18,10,2,3635.14,2025-11-29,2025-12-15,0.11,0.08,Cash
1094,9,11,1,9431.52,2026-07-06,2026-07-19,0.11,0.19,Credit Card
1095,81,28,10,1988.75,2026-01-06,2026-01-19,0.05,0.09,Cash
1096,70,41,7,9533.67,2025-10-12,2025-10-20,0.12,0.06,Credit Card
1097,75,6,2,5536.46,2026-01-05,2026-01-26,0.17,0.09,Credit Card
1098,50,38,1,5523.47,2026-01-15,2026-01-27,0.18,0.15,Cash
1099,49,32,8,3219.38,2025-12-10,2025-12-21,0.14,0.07,PayPal
1100,93,3,5,3027.95,2026-06-20,2026-06-23,0.16,0.08,Bank Transfer
1101,27,9,7,1197.54,2025-09-21,2025-10-14,0.15,0.09,Cash
1102,3,31,2,9824.45,2026-04-18,2026-05-17,0.07,0.15,PayPal
1103,89,16,9,5947.04,2026-07-07,2026-07-18,0.12,0.14,Cash
1104,62,7,1,6652.22,2025-11-20,2025-12-12,0.16,0.11,Cash
1105,64,32,8,3189.73,2026-06-20,2026-07-11,0.06,0.11,Cash
1106,52,18,3,8062.17,2025-09-02,2025-10-02,0.18,0.11,Cash
1107,23,43,10,8577.04,2025-11-25,2025-11-25,0.16,0.13,Credit Card
1108,4,36,1,7789.7,2026-01-09,2026-01-26,0.08,0.16,Bank Transfer
1109,9,39,3,6751.78,2025-09-17,2025-09-17,0.19,0.09,Credit Card
1110,27,11,3,5049.11,2025-11-07,2025-11-08,0.08,0.11,PayPal
1111,37,27,10,7874.84,2026-01-22,2026-02-14,0.16,0.06,PayPal
1112,65,36,2,7392.59,2026-01-25,2026-02-15,0.09,0.15,Credit Card
1113,45,37,7,6205.66,2026-01-08,2026-01-20,0.14,0.2,Credit Card
1114,52,19,4,6060.99,2026-05-21,2026-05-23,0.19,0.1,PayPal
1115,23,16,10,3137.41,2026-03-20,2026-03-24,0.06,0.19,Bank Transfer
1116,81,2,9,3418.7,2026-07-10,2026-07-15,0.12,0.1,PayPal
1117,71,44,9,5864.68,2026-03-05,2026-04-04,0.09,0.19,Cash
1118,31,10,7,4694.8,2026-02-27,2026-03-07,0.14,0.1,Bank Transfer
1119,89,46,4,5270.43,2026-04-19,2026-04-25,0.05,0.16,Cash
1120,7,28,3,9763.03,2026-01-02,2026-01-24,0.05,0.1,PayPal
1121,76,21,10,5021.7,2026-03-30,2026-04-29,0.16,0.15,Cash
1122,9,2,6,4008.75,2026-01-26,2026-01-26,0.18,0.09,Bank Transfer
1123,6,41,6,8293.32,2026-01-09,2026-01-25,0.07,0.19,Credit Card
1124,5,29,8,9750.21,2026-01-07,2026-01-31,0.11,0.11,PayPal
1125,58,5,2,7778.11,2026-02-21,2026-03-15,0.05,0.18,Bank Transfer
1126,87,18,8,5708.26,2025-11-13,2025-12-03,0.16,0.17,PayPal
1127,73,29,5,7969.13,2026-06-26,2026-07-15,0.19,0.18,Cash
1128,91,42,3,8758.24,2026-01-06,2026-01-25,0.06,0.19,Bank Transfer
1129,99,5,4,2570.3,2026-06-30,2026-07-21,0.17,0.14,Credit Card
1130,24,37,7,7123.13,2026-06-02,2026-06-10,0.09,0.19,PayPal
1131,63,9,8,5981.61,2026-03-25,2026-04-17,0.15,0.09,PayPal
1132,29,22,9,4544.44,2026-05-06,2026-05-26,0.14,0.06,Bank Transfer
1133,72,22,9,8688.29,2026-04-17,2026-05-02,0.19,0.07,Credit Card
1134,5,48,10,8359.78,2026-06-24,2026-07-02,0.13,0.16,Cash
1135,24,28,9,5217.51,2025-07-27,2025-08-18,0.05,0.2,PayPal
1136,53,43,6,2136.46,2025-12-15,2025-12-19,0.1,0.09,Bank Transfer
1137,97,39,7,8656.44,2025-09-05,2025-09-06,0.19,0.06,Credit Card
1138,74,48,2,5906.41,2025-08-30,2025-09-25,0.06,0.08,Cash
1139,62,48,2,8027.27,2026-04-29,2026-05-03,0.08,0.05,PayPal
1140,30,20,8,4035.12,2026-04-25,2026-05-22,0.17,0.08,Credit Card
1141,71,49,4,8892.19,2026-04-25,2026-05-22,0.12,0.2,PayPal
1142,3,5,7,8234.11,2026-06-20,2026-06-21,0.16,0.06,Cash
1143,25,27,10,3283.55,2025-08-22,2025-09-04,0.14,0.07,Bank Transfer
1144,53,16,4,6267.5,2026-04-18,2026-04-22,0.16,0.15,Bank Transfer
1145,62,37,10,8460.11,2026-07-11,2026-07-23,0.16,0.19,PayPal
1146,48,48,9,9867.31,2025-09-01,2025-09-07,0.15,0.16,Credit Card
1147,14,18,10,7397.12,2025-09-15,2025-09-27,0.19,0.09,Bank Transfer
1148,24,29,9,5985.72,2025-10-27,2025-11-26,0.12,0.15,Bank Transfer
1149,9,45,3,1058.64,2026-05-08,2026-05-29,0.14,0.1,Credit Card
1150,3,28,6,3047.65,2026-05-24,2026-06-02,0.09,0.13,Cash
1151,73,8,4,8121.25,2025-08-28,2025-09-14,0.12,0.18,Credit Card
1152,82,31,5,4529.71,2025-09-13,2025-09-18,0.14,0.17,Cash
1153,57,43,3,3646.34,2025-11-07,2025-11-07,0.08,0.06,Cash
1154,32,31,1,7405.59,2026-06-15,2026-06-24,0.1,0.1,PayPal
1155,77,8,6,2560.73,2026-06-08,2026-06-17,0.16,0.08,Credit Card
1156,58,38,10,6231.08,2026-02-23,2026-03-13,0.11,0.16,Cash
1157,25,26,10,7342.05,2025-09-19,2025-09-22,0.12,0.06,PayPal
1158,66,31,1,1801.46,2025-12-08,2025-12-10,0.17,0.06,Cash
1159,82,32,10,5784.98,2026-05-20,2026-06-13,0.15,0.09,PayPal
1160,78,10,4,2962.94,2025-09-12,2025-09-18,0.07,0.15,Cash
1161,95,23,8,9641.27,2025-08-01,2025-08-26,0.14,0.16,PayPal
1162,26,35,8,8216.69,2026-02-14,2026-03-11,0.13,0.18,Bank Transfer
1163,41,23,4,4068.02,2026-01-16,2026-02-12,0.18,0.08,PayPal
1164,91,47,5,9591.42,2026-07-18,2026-07-21,0.09,0.19,Bank Transfer
1165,19,16,2,9613.47,2025-11-10,2025-11-16,0.2,0.15,Cash
1166,41,27,2,6568.24,2026-05-22,2026-06-15,0.09,0.17,PayPal
1167,18,4,6,5205.13,2026-04-17,2026-05-11,0.05,0.06,Credit Card
1168,88,43,7,9310.29,2025-09-11,2025-09-30,0.2,0.1,Bank Transfer
1169,68,19,7,8271.92,2026-03-23,2026-04-01,0.09,0.15,Bank Transfer
1170,64,2,6,1508.46,2026-04-26,2026-05-09,0.06,0.08,Bank Transfer
1171,2,40,1,4405.25,2026-06-24,2026-07-06,0.09,0.2,Cash
1172,62,2,9,6069.45,2025-12-03,2025-12-22,0.15,0.19,Bank Transfer
1173,89,27,1,9269.64,2026-01-04,2026-02-01,0.15,0.2,Credit Card
1174,96,8,10,8041.81,2025-08-30,2025-09-12,0.07,0.11,Cash
1175,63,15,2,1990.78,2026-07-13,2026-07-23,0.19,0.1,Credit Card
1176,79,10,7,2019.42,2026-06-27,2026-07-07,0.16,0.1,Cash
1177,25,42,4,5186.55,2026-03-19,2026-04-17,0.15,0.11,Cash
1178,26,37,10,6970.73,2025-12-28,2026-01-03,0.18,0.09,Credit Card
1179,37,3,10,9496.8,2025-08-03,2025-08-27,0.09,0.19,PayPal
1180,4,19,5,5847.04,2025-08-23,2025-09-01,0.16,0.07,PayPal
1181,72,11,3,7506.37,2026-07-09,2026-07-11,0.09,0.13,Bank Transfer
1182,78,26,6,9092.46,2025-11-29,2025-12-07,0.15,0.17,Cash
1183,12,26,3,4219.69,2026-01-08,2026-01-19,0.17,0.05,Credit Card
1184,91,25,5,6256.98,2026-04-20,2026-05-14,0.11,0.06,Bank Transfer
1185,84,45,4,2907.04,2025-10-08,2025-10-16,0.18,0.17,PayPal
1186,31,12,8,1041.65,2025-09-16,2025-10-11,0.13,0.05,Cash
1187,9,20,10,9622.68,2025-11-26,2025-12-18,0.16,0.1,PayPal
1188,14,16,5,8228.39,2026-01-26,2026-02-01,0.09,0.07,Credit Card
1189,18,18,4,8811.64,2026-01-01,2026-01-10,0.16,0.08,Bank Transfer
1190,99,19,5,2627.07,2026-05-31,2026-06-20,0.15,0.11,Cash
1191,57,7,1,7383.19,2026-01-20,2026-02-06,0.07,0.13,Bank Transfer
1192,4,11,7,1147.68,2026-01-11,2026-02-05,0.11,0.13,PayPal
1193,55,43,2,6076.52,2026-06-25,2026-06-25,0.13,0.12,Cash
1194,5,9,5,2277.62,2026-01-02,2026-01-17,0.19,0.16,Cash
1195,87,35,2,1082.81,2025-11-07,2025-11-29,0.1,0.07,Cash
1196,2,27,5,6471.41,2025-08-23,2025-08-28,0.07,0.16,PayPal
1197,56,24,1,3098.72,2025-10-28,2025-11-05,0.08,0.14,Credit Card
1198,89,21,5,3847.57,2025-09-19,2025-10-19,0.19,0.1,Bank Transfer
1199,27,33,5,5040.92,2026-07-10,2026-08-06,0.07,0.16,PayPal
1200,78,14,1,8728.17,2025-07-30,2025-08-12,0.15,0.13,Cash
1201,28,20,8,3194.87,2025-10-29,2025-11-27,0.09,0.08,Cash
1202,93,36,3,9573.42,2025-08-18,2025-09-04,0.13,0.16,Cash
1203,48,30,6,6082.74,2025-08-05,2025-08-28,0.1,0.19,Cash
1204,90,47,1,2899.55,2026-03-26,2026-04-03,0.08,0.18,Credit Card
1205,69,45,9,8859.45,2026-05-20,2026-06-14,0.06,0.09,Cash
1206,50,29,10,9228.3,2026-01-11,2026-01-28,0.07,0.06,Bank Transfer
1207,100,50,3,9344.64,2025-10-06,2025-10-28,0.18,0.1,PayPal
1208,6,1,3,9187.07,2025-11-13,2025-12-12,0.19,0.16,Bank Transfer
1209,30,13,2,8494.57,2025-08-12,2025-08-12,0.12,0.13,Bank Transfer
1210,57,7,9,6338.21,2025-08-10,2025-08-23,0.13,0.13,PayPal
1211,54,5,3,5456.07,2026-01-25,2026-02-13,0.08,0.13,Credit Card
1212,96,30,9,3211.24,2025-10-30,2025-11-29,0.07,0.06,Bank Transfer
1213,81,46,3,1651.34,2025-09-14,2025-10-09,0.1,0.2,Credit Card
1214,27,42,7,9224.1,2025-10-12,2025-11-10,0.14,0.09,Cash
1215,64,48,5,6037.94,2025-12-30,2026-01-12,0.16,0.18,PayPal
1216,99,14,5,3330.87,2026-02-22,2026-02-27,0.19,0.09,Bank Transfer
1217,6,11,8,1137.71,2026-04-07,2026-04-25,0.14,0.05,Bank Transfer
1218,98,49,1,2752.59,2025-12-05,2025-12-10,0.14,0.11,Credit Card
1219,6,14,6,6041.05,2025-12-03,2025-12-16,0.07,0.05,Cash
1220,71,29,2,7596.01,2026-03-27,2026-04-10,0.07,0.16,PayPal
1221,36,9,4,1305.88,2026-02-21,2026-03-16,0.12,0.2,Credit Card
1222,26,35,4,4705.02,2025-07-24,2025-08-23,0.19,0.07,PayPal
1223,45,8,1,5426.66,2025-08-30,2025-09-17,0.19,0.12,Bank Transfer
1224,31,2,8,1992.79,2026-02-16,2026-03-06,0.16,0.08,Cash
1225,84,23,8,5118.66,2025-08-01,2025-08-22,0.14,0.11,Bank Transfer
1226,17,13,2,3371.21,2026-07-06,2026-07-23,0.2,0.19,Bank Transfer
1227,77,30,6,3918.83,2025-12-14,2026-01-13,0.1,0.15,Credit Card
1228,28,34,1,1342.21,2026-03-01,2026-03-30,0.19,0.05,Cash
1229,72,26,3,3035.44,2026-03-24,2026-04-21,0.1,0.09,PayPal
1230,59,26,8,5874.32,2026-03-08,2026-03-19,0.16,0.15,Bank Transfer
1231,35,27,10,8345.8,2025-10-20,2025-10-30,0.18,0.05,Credit Card
1232,78,4,7,3768.54,2025-09-09,2025-09-28,0.1,0.08,Credit Card
1233,53,17,3,2317.82,2025-07-25,2025-08-20,0.12,0.11,Cash
1234,64,41,10,2858.69,2025-08-07,2025-09-03,0.16,0.16,PayPal
